{"textures":{"0":"modelengine:entity/goblin","particle":"#0"},"elements":[{"from":[6.5,-1.0,6.5],"to":[9.5,9.0,9.5],"faces":{"east":{"uv":[2.25,7.5,3.0,10.0],"tintindex":0,"rotation":0,"texture":"#0"},"south":{"uv":[3.0,7.5,3.75,10.0],"tintindex":0,"rotation":0,"texture":"#0"},"north":{"uv":[1.5,7.5,2.25,10.0],"tintindex":0,"rotation":0,"texture":"#0"},"west":{"uv":[3.75,7.5,4.5,10.0],"tintindex":0,"rotation":0,"texture":"#0"},"up":{"uv":[10.25,3.75,9.5,3.0],"tintindex":0,"rotation":0,"texture":"#0"},"down":{"uv":[10.25,3.75,9.5,4.5],"tintindex":0,"rotation":0,"texture":"#0"}}}],"display":{"head":{"rotation":[0.0,0.0,0.0]},"firstperson_righthand":{"rotation":[0.0,0.0,0.0]},"thirdperson_lefthand":{"rotation":[0.0,-0.0,-0.0]},"firstperson_lefthand":{"rotation":[0.0,-0.0,-0.0]},"fixed":{"rotation":[0.0,0.0,0.0]},"ground":{"rotation":[0.0,0.0,0.0]},"thirdperson_righthand":{"rotation":[0.0,0.0,0.0]},"gui":{"rotation":[-150.0,-45.0,180.0]}}}