{"textures":{"0":"modelengine:entity/goblin","particle":"#0"},"elements":[{"from":[7.5,7.5,4.8375],"to":[8.5,8.5,8.8125],"faces":{"east":{"uv":[2.5,10.0,3.5,10.25],"tintindex":0,"rotation":0,"texture":"#0"},"south":{"uv":[6.75,10.0,7.0,10.25],"tintindex":0,"rotation":0,"texture":"#0"},"north":{"uv":[6.5,10.0,6.75,10.25],"tintindex":0,"rotation":0,"texture":"#0"},"west":{"uv":[3.5,10.0,4.5,10.25],"tintindex":0,"rotation":0,"texture":"#0"},"up":{"uv":[1.25,10.0,1.0,9.0],"tintindex":0,"rotation":0,"texture":"#0"},"down":{"uv":[1.5,9.0,1.25,10.0],"tintindex":0,"rotation":0,"texture":"#0"}}},{"from":[6.5,8.0,-1.1625004],"to":[9.5,8.0,6.8375],"faces":{"up":{"uv":[8.5,11.0,7.75,9.0],"tintindex":0,"rotation":0,"texture":"#0"},"down":{"uv":[9.25,9.0,8.5,11.0],"tintindex":0,"rotation":0,"texture":"#0"}}},{"from":[7.0,7.0,7.8375],"to":[9.0,9.0,8.8375],"faces":{"east":{"uv":[5.0,10.0,5.25,10.5],"tintindex":0,"rotation":0,"texture":"#0"},"south":{"uv":[4.5,10.0,5.0,10.5],"tintindex":0,"rotation":0,"texture":"#0"},"north":{"uv":[7.75,8.5,8.25,9.0],"tintindex":0,"rotation":0,"texture":"#0"},"west":{"uv":[5.25,10.0,5.5,10.5],"tintindex":0,"rotation":0,"texture":"#0"},"up":{"uv":[6.0,10.25,5.5,10.0],"tintindex":0,"rotation":0,"texture":"#0"},"down":{"uv":[6.5,10.0,6.0,10.25],"tintindex":0,"rotation":0,"texture":"#0"}}}],"display":{"head":{"rotation":[0.0,0.0,0.0]},"firstperson_righthand":{"rotation":[0.0,0.0,0.0]},"thirdperson_lefthand":{"rotation":[0.0,-0.0,-0.0]},"firstperson_lefthand":{"rotation":[0.0,-0.0,-0.0]},"fixed":{"rotation":[0.0,0.0,0.0]},"ground":{"rotation":[0.0,0.0,0.0]},"thirdperson_righthand":{"rotation":[0.0,0.0,0.0]},"gui":{"rotation":[-150.0,-45.0,180.0]}}}