{"textures":{"0":"modelengine:entity/goblin","particle":"#0"},"elements":[{"from":[3.96875,7.75,3.5],"to":[11.96875,13.75,9.5],"faces":{"east":{"uv":[6.0,6.0,7.5,7.5],"tintindex":0,"rotation":0,"texture":"#0"},"south":{"uv":[5.0,1.5,7.0,3.0],"tintindex":0,"rotation":0,"texture":"#0"},"north":{"uv":[5.0,0.0,7.0,1.5],"tintindex":0,"rotation":0,"texture":"#0"},"west":{"uv":[7.0,0.0,8.5,1.5],"tintindex":0,"rotation":0,"texture":"#0"},"up":{"uv":[7.0,4.5,5.0,3.0],"tintindex":0,"rotation":0,"texture":"#0"},"down":{"uv":[7.0,4.5,5.0,6.0],"tintindex":0,"rotation":0,"texture":"#0"}}},{"from":[10.96875,8.75,9.5],"to":[16.96875,14.75,9.5],"faces":{"south":{"uv":[7.0,3.0,8.5,4.5],"tintindex":0,"rotation":0,"texture":"#0"},"north":{"uv":[7.0,1.5,8.5,3.0],"tintindex":0,"rotation":0,"texture":"#0"}},"rotation":{"origin":[13.96875,11.75,9.5],"angle":-22.5,"axis":"y"}},{"from":[-1.03125,8.75,9.5],"to":[4.96875,14.75,9.5],"faces":{"south":{"uv":[0.0,7.5,1.5,9.0],"tintindex":0,"rotation":0,"texture":"#0"},"north":{"uv":[7.0,4.5,8.5,6.0],"tintindex":0,"rotation":0,"texture":"#0"}},"rotation":{"origin":[1.96875,11.75,9.5],"angle":22.5,"axis":"y"}},{"from":[6.59375,7.75,0.5],"to":[9.59375,11.75,3.5],"faces":{"east":{"uv":[9.5,0.0,10.25,1.0],"tintindex":0,"rotation":0,"texture":"#0"},"south":{"uv":[9.5,1.0,10.25,2.0],"tintindex":0,"rotation":0,"texture":"#0"},"north":{"uv":[6.75,7.5,7.5,8.5],"tintindex":0,"rotation":0,"texture":"#0"},"west":{"uv":[9.5,2.0,10.25,3.0],"tintindex":0,"rotation":0,"texture":"#0"},"up":{"uv":[1.75,10.75,1.0,10.0],"tintindex":0,"rotation":0,"texture":"#0"},"down":{"uv":[2.5,10.0,1.75,10.75],"tintindex":0,"rotation":0,"texture":"#0"}}}],"display":{"head":{"rotation":[0.0,0.0,0.0]},"firstperson_righthand":{"rotation":[0.0,0.0,0.0]},"thirdperson_lefthand":{"rotation":[0.0,-0.0,-0.0]},"firstperson_lefthand":{"rotation":[0.0,-0.0,-0.0]},"fixed":{"rotation":[0.0,0.0,0.0]},"ground":{"rotation":[0.0,0.0,0.0]},"thirdperson_righthand":{"rotation":[0.0,0.0,0.0]},"gui":{"rotation":[-150.0,-45.0,180.0]}}}