{"textures":{"0":"modelengine:entity/goblin","particle":"#0"},"elements":[{"from":[2.9,6.9,3.9],"to":[13.1,13.1,10.1],"faces":{"east":{"uv":[3.0,6.0,4.5,7.5],"tintindex":0,"rotation":0,"texture":"#0"},"south":{"uv":[2.5,3.0,5.0,4.5],"tintindex":0,"rotation":0,"texture":"#0"},"north":{"uv":[0.0,3.0,2.5,4.5],"tintindex":0,"rotation":0,"texture":"#0"},"west":{"uv":[4.5,6.0,6.0,7.5],"tintindex":0,"rotation":0,"texture":"#0"},"up":{"uv":[2.5,6.0,0.0,4.5],"tintindex":0,"rotation":0,"texture":"#0"},"down":{"uv":[5.0,4.5,2.5,6.0],"tintindex":0,"rotation":0,"texture":"#0"}}},{"from":[3.0,7.0,4.0],"to":[13.0,13.0,10.0],"faces":{"east":{"uv":[0.0,6.0,1.5,7.5],"tintindex":0,"rotation":0,"texture":"#0"},"south":{"uv":[0.0,1.5,2.5,3.0],"tintindex":0,"rotation":0,"texture":"#0"},"north":{"uv":[0.0,0.0,2.5,1.5],"tintindex":0,"rotation":0,"texture":"#0"},"west":{"uv":[1.5,6.0,3.0,7.5],"tintindex":0,"rotation":0,"texture":"#0"},"up":{"uv":[5.0,1.5,2.5,0.0],"tintindex":0,"rotation":0,"texture":"#0"},"down":{"uv":[5.0,1.5,2.5,3.0],"tintindex":0,"rotation":0,"texture":"#0"}}}],"display":{"head":{"rotation":[0.0,0.0,0.0]},"firstperson_righthand":{"rotation":[0.0,0.0,0.0]},"thirdperson_lefthand":{"rotation":[0.0,-0.0,-0.0]},"firstperson_lefthand":{"rotation":[0.0,-0.0,-0.0]},"fixed":{"rotation":[0.0,0.0,0.0]},"ground":{"rotation":[0.0,0.0,0.0]},"thirdperson_righthand":{"rotation":[0.0,0.0,0.0]},"gui":{"rotation":[-150.0,-45.0,180.0]}}}