{
    "model": {
        "type": "range_dispatch",
        "property": "custom_model_data",
        "fallback": {
            "type": "model",
            "model": "item/leather_horse_armor"
        },
        "entries": [
            {
                "threshold": 1,
                "model": {
                    "type": "model",
                    "model": "item/hats/tikihat"
                }
            },
            {
                "threshold": 2,
                "model": {
                    "type": "model",
                    "model": "item/hats/witch_hat"
                }
            },
            {
                "threshold": 3,
                "model": {
                    "type": "model",
                    "model": "item/hats/vikinghat"
                }
            },
            {
                "threshold": 4,
                "model": {
                    "type": "model",
                    "model": "item/hats/vikinghat2"
                }
            },
            {
                "threshold": 5,
                "model": {
                    "type": "model",
                    "model": "item/hats/vikinghat3"
                }
            },
            {
                "threshold": 6,
                "model": {
                    "type": "model",
                    "model": "item/hats/chapka"
                }
            },
            {
                "threshold": 7,
                "model": {
                    "type": "model",
                    "model": "item/hats/bluebeanie"
                }
            },
            {
                "threshold": 8,
                "model": {
                    "type": "model",
                    "model": "item/hats/dino"
                }
            },
            {
                "threshold": 9,
                "model": {
                    "type": "model",
                    "model": "item/hats/sunglasses"
                }
            },
            {
                "threshold": 10,
                "model": {
                    "type": "model",
                    "model": "item/hats/antlers_2"
                }
            },
            {
                "threshold": 11,
                "model": {
                    "type": "model",
                    "model": "item/hats/arrow_hat_model"
                }
            },
            {
                "threshold": 12,
                "model": {
                    "type": "model",
                    "model": "item/hats/bunny_ears"
                }
            },
            {
                "threshold": 13,
                "model": {
                    "type": "model",
                    "model": "item/hats/tophat"
                }
            },
            {
                "threshold": 14,
                "model": {
                    "type": "model",
                    "model": "item/hats/wooly_hat"
                }
            },
            {
                "threshold": 15,
                "model": {
                    "type": "model",
                    "model": "item/hats/strawhat"
                }
            },
            {
                "threshold": 16,
                "model": {
                    "type": "model",
                    "model": "item/hats/miner"
                }
            },
            {
                "threshold": 17,
                "model": {
                    "type": "model",
                    "model": "item/hats/halo"
                }
            },
            {
                "threshold": 18,
                "model": {
                    "type": "model",
                    "model": "item/hats/facemask"
                }
            },
            {
                "threshold": 19,
                "model": {
                    "type": "model",
                    "model": "item/hats/crown"
                }
            },
            {
                "threshold": 20,
                "model": {
                    "type": "model",
                    "model": "item/hats/cap_model"
                }
            },
            {
                "threshold": 100,
                "model": {
                    "type": "model",
                    "model": "item/backpack/verysmallbackpack"
                }
            },
            {
                "threshold": 101,
                "model": {
                    "type": "model",
                    "model": "item/backpack/smallbackpack"
                }
            },
            {
                "threshold": 102,
                "model": {
                    "type": "model",
                    "model": "item/backpack/mediumbackpack"
                }
            },
            {
                "threshold": 103,
                "model": {
                    "type": "model",
                    "model": "item/backpack/largebackpack"
                }
            },
            {
                "threshold": 104,
                "model": {
                    "type": "model",
                    "model": "item/backpack/verylargebackpack"
                }
            },
            {
                "threshold": 105,
                "model": {
                    "type": "model",
                    "model": "item/backpack/bigbackpack"
                }
            }
        ]
    }
}