{"textures":{"0":"modelengine:entity/spiderboss","particle":"#0"},"elements":[{"from":[5.73875,0.7387495,19.0825],"to":[5.73875,12.79875,22.0975],"faces":{"east":{"uv":[13.625,9.875,14.125,11.875],"tintindex":0,"rotation":0,"texture":"#0"},"west":{"uv":[13.625,11.875,14.125,13.875],"tintindex":0,"rotation":0,"texture":"#0"}}},{"from":[1.9699998,2.2462497,-0.51500034],"to":[14.030001,9.78375,9.283751],"faces":{"east":{"uv":[6.125,11.375,7.75,12.625],"tintindex":0,"rotation":0,"texture":"#0"},"south":{"uv":[11.5,1.25,13.5,2.5],"tintindex":0,"rotation":0,"texture":"#0"},"north":{"uv":[11.5,0.0,13.5,1.25],"tintindex":0,"rotation":0,"texture":"#0"},"west":{"uv":[11.5,2.5,13.125,3.75],"tintindex":0,"rotation":0,"texture":"#0"},"up":{"uv":[6.75,5.625,4.75,4.0],"tintindex":0,"rotation":0,"texture":"#0"},"down":{"uv":[7.0,0.0,5.0,1.625],"tintindex":0,"rotation":0,"texture":"#0"}}},{"from":[0.4625001,0.7387495,5.515],"to":[15.5375,12.79875,19.0825],"faces":{"east":{"uv":[2.5,4.0,4.75,6.0],"tintindex":0,"rotation":0,"texture":"#0"},"south":{"uv":[2.5,2.0,5.0,4.0],"tintindex":0,"rotation":0,"texture":"#0"},"north":{"uv":[2.5,0.0,5.0,2.0],"tintindex":0,"rotation":0,"texture":"#0"},"west":{"uv":[0.0,4.5,2.25,6.5],"tintindex":0,"rotation":0,"texture":"#0"},"up":{"uv":[2.5,2.25,0.0,0.0],"tintindex":0,"rotation":0,"texture":"#0"},"down":{"uv":[2.5,2.25,0.0,4.5],"tintindex":0,"rotation":0,"texture":"#0"}}},{"from":[13.27625,14.833874,3.2537503],"to":[13.27625,20.110125,13.0525],"faces":{"east":{"uv":[11.5,7.25,13.125,8.125],"tintindex":0,"rotation":0,"texture":"#0"},"west":{"uv":[11.5,8.125,13.125,9.0],"tintindex":0,"rotation":0,"texture":"#0"}},"rotation":{"origin":[13.27625,17.698124,8.153125],"angle":-22.5,"axis":"z"}},{"from":[10.26125,0.7387495,19.0825],"to":[10.26125,12.79875,22.0975],"faces":{"east":{"uv":[13.625,4.75,14.125,6.75],"tintindex":0,"rotation":0,"texture":"#0"},"west":{"uv":[13.625,6.75,14.125,8.75],"tintindex":0,"rotation":0,"texture":"#0"}}},{"from":[2.72375,9.78375,3.2537503],"to":[13.27625,15.059999,13.0525],"faces":{"east":{"uv":[3.5,12.125,5.125,13.0],"tintindex":0,"rotation":0,"texture":"#0"},"south":{"uv":[11.5,4.625,13.25,5.5],"tintindex":0,"rotation":0,"texture":"#0"},"north":{"uv":[11.5,3.75,13.25,4.625],"tintindex":0,"rotation":0,"texture":"#0"},"west":{"uv":[12.125,9.0,13.75,9.875],"tintindex":0,"rotation":0,"texture":"#0"},"up":{"uv":[6.75,3.25,5.0,1.625],"tintindex":0,"rotation":0,"texture":"#0"},"down":{"uv":[3.75,9.25,2.0,10.875],"tintindex":0,"rotation":0,"texture":"#0"}}},{"from":[2.72375,14.833874,3.2537503],"to":[2.72375,20.110125,13.0525],"faces":{"east":{"uv":[11.5,5.5,13.125,6.375],"tintindex":0,"rotation":0,"texture":"#0"},"west":{"uv":[11.5,6.375,13.125,7.25],"tintindex":0,"rotation":0,"texture":"#0"}},"rotation":{"origin":[2.72375,17.698124,8.153125],"angle":22.5,"axis":"z"}}],"display":{"head":{"rotation":[0.0,0.0,0.0]},"firstperson_righthand":{"rotation":[0.0,0.0,0.0]},"thirdperson_lefthand":{"rotation":[0.0,-0.0,-0.0]},"firstperson_lefthand":{"rotation":[0.0,-0.0,-0.0]},"fixed":{"rotation":[0.0,0.0,0.0]},"ground":{"rotation":[0.0,0.0,0.0]},"thirdperson_righthand":{"rotation":[0.0,0.0,0.0]},"gui":{"rotation":[-150.0,-45.0,180.0]}}}