{"textures":{"0":"modelengine:entity/spiderboss"},"elements":[{"from":[6.4925,3.4775,5.7387505],"to":[11.015,11.014999,10.26125],"faces":{"east":{"uv":[2.625,15.125,3.0,15.75],"tintindex":0,"rotation":0,"texture":"#0"},"south":{"uv":[15.125,2.75,15.5,3.375],"tintindex":0,"rotation":0,"texture":"#0"},"north":{"uv":[2.25,15.125,2.625,15.75],"tintindex":0,"rotation":0,"texture":"#0"},"west":{"uv":[3.0,15.125,3.375,15.75],"tintindex":0,"rotation":0,"texture":"#0"},"up":{"uv":[9.25,15.625,8.875,15.25],"tintindex":0,"rotation":0,"texture":"#0"},"down":{"uv":[9.625,15.25,9.25,15.625],"tintindex":0,"rotation":0,"texture":"#0"}},"rotation":{"origin":[8.0,8.0,8.0],"angle":-22.5,"axis":"z"}},{"from":[6.4925,-1.0450001,8.75375],"to":[12.5225,4.9850006,8.75375],"faces":{"south":{"uv":[11.5,9.0,12.0,9.5],"tintindex":0,"rotation":0,"texture":"#0"},"north":{"uv":[4.25,8.25,4.75,8.75],"tintindex":0,"rotation":0,"texture":"#0"}},"rotation":{"origin":[8.0,8.0,8.0],"angle":-22.5,"axis":"z"}}],"display":{"gui":{"rotation":[30,225,0]}}}