{"textures":{"0":"modelengine:entity/spiderboss","1":"modelengine:entity/ojos","2":"modelengine:entity/emissive_e","particle":"#1"},"elements":[{"from":[1.9549999,3.005,-0.75374985],"to":[14.015,13.557501,8.29125],"faces":{"east":{"uv":[4.0,6.0,7.0,9.5],"tintindex":0,"rotation":0,"texture":"#1"},"south":{"uv":[0.0,3.5,4.0,7.0],"tintindex":0,"rotation":0,"texture":"#1"},"north":{"uv":[0.0,0.0,4.0,3.5],"tintindex":0,"rotation":0,"texture":"#1"},"west":{"uv":[0.0,7.0,3.0,10.5],"tintindex":0,"rotation":0,"texture":"#1"},"up":{"uv":[8.0,3.0,4.0,0.0],"tintindex":0,"rotation":0,"texture":"#1"},"down":{"uv":[8.0,3.0,4.0,6.0],"tintindex":0,"rotation":0,"texture":"#1"}}},{"from":[1.9549999,3.005,-0.75374985],"to":[14.015,13.557501,8.29125],"faces":{"east":{"uv":[4.0,6.0,7.0,9.5],"tintindex":0,"rotation":0,"texture":"#2"},"south":{"uv":[0.0,3.5,4.0,7.0],"tintindex":0,"rotation":0,"texture":"#2"},"north":{"uv":[0.0,0.0,4.0,3.5],"tintindex":0,"rotation":0,"texture":"#2"},"west":{"uv":[0.0,7.0,3.0,10.5],"tintindex":0,"rotation":0,"texture":"#2"},"up":{"uv":[8.0,3.0,4.0,0.0],"tintindex":0,"rotation":0,"texture":"#2"},"down":{"uv":[8.0,3.0,4.0,6.0],"tintindex":0,"rotation":0,"texture":"#2"}}},{"from":[-2.5675,9.6380005,0.75374985],"to":[6.4775,14.1605,6.7837505],"faces":{"east":{"uv":[0.375,15.25,0.875,15.625],"tintindex":0,"rotation":0,"texture":"#0"},"south":{"uv":[14.875,1.625,15.625,2.0],"tintindex":0,"rotation":0,"texture":"#0"},"north":{"uv":[14.875,1.25,15.625,1.625],"tintindex":0,"rotation":0,"texture":"#0"},"west":{"uv":[0.875,15.25,1.375,15.625],"tintindex":0,"rotation":0,"texture":"#0"},"up":{"uv":[4.25,12.0,3.5,11.5],"tintindex":0,"rotation":0,"texture":"#0"},"down":{"uv":[15.375,8.75,14.625,9.25],"tintindex":0,"rotation":0,"texture":"#0"}},"rotation":{"origin":[7.985,10.39175,4.522501],"angle":-22.5,"axis":"z"}},{"from":[9.4925,9.6380005,0.75374985],"to":[18.537498,14.1605,6.7837505],"faces":{"east":{"uv":[13.125,8.625,13.625,9.0],"tintindex":0,"rotation":0,"texture":"#0"},"south":{"uv":[14.875,0.875,15.625,1.25],"tintindex":0,"rotation":0,"texture":"#0"},"north":{"uv":[14.75,3.625,15.5,4.0],"tintindex":0,"rotation":0,"texture":"#0"},"west":{"uv":[15.0,13.375,15.5,13.75],"tintindex":0,"rotation":0,"texture":"#0"},"up":{"uv":[6.75,3.75,6.0,3.25],"tintindex":0,"rotation":0,"texture":"#0"},"down":{"uv":[7.75,0.875,7.0,1.375],"tintindex":0,"rotation":0,"texture":"#0"}},"rotation":{"origin":[7.985,10.39175,4.522501],"angle":22.5,"axis":"z"}}],"display":{"head":{"rotation":[0.0,0.0,0.0]},"firstperson_righthand":{"rotation":[0.0,0.0,0.0]},"thirdperson_lefthand":{"rotation":[0.0,-0.0,-0.0]},"firstperson_lefthand":{"rotation":[0.0,-0.0,-0.0]},"fixed":{"rotation":[0.0,0.0,0.0]},"ground":{"rotation":[0.0,0.0,0.0]},"thirdperson_righthand":{"rotation":[0.0,0.0,0.0]},"gui":{"rotation":[-150.0,-45.0,180.0]}}}