{"textures":{"0":"modelengine:entity/spiderboss","particle":"#0"},"elements":[{"from":[5.4775,-3.045,8.75375],"to":[11.5075,2.9850006,8.75375],"faces":{"south":{"uv":[6.375,14.875,6.875,15.375],"tintindex":0,"rotation":0,"texture":"#0"},"north":{"uv":[5.875,14.875,6.375,15.375],"tintindex":0,"rotation":0,"texture":"#0"}},"rotation":{"origin":[10.0,6.0,8.0],"angle":22.5,"axis":"z"}},{"from":[6.9849997,1.4775,5.7387505],"to":[11.5075,9.014999,10.26125],"faces":{"east":{"uv":[15.125,15.0,15.5,15.625],"tintindex":0,"rotation":0,"texture":"#0"},"south":{"uv":[0.0,15.25,0.375,15.875],"tintindex":0,"rotation":0,"texture":"#0"},"north":{"uv":[15.125,8.0,15.5,8.625],"tintindex":0,"rotation":0,"texture":"#0"},"west":{"uv":[15.25,0.0,15.625,0.625],"tintindex":0,"rotation":0,"texture":"#0"},"up":{"uv":[10.0,15.625,9.625,15.25],"tintindex":0,"rotation":0,"texture":"#0"},"down":{"uv":[10.375,15.25,10.0,15.625],"tintindex":0,"rotation":0,"texture":"#0"}},"rotation":{"origin":[10.0,6.0,8.0],"angle":22.5,"axis":"z"}}],"display":{"head":{"rotation":[0.0,0.0,0.0]},"firstperson_righthand":{"rotation":[0.0,0.0,0.0]},"thirdperson_lefthand":{"rotation":[0.0,-0.0,-0.0]},"firstperson_lefthand":{"rotation":[0.0,-0.0,-0.0]},"fixed":{"rotation":[0.0,0.0,0.0]},"ground":{"rotation":[0.0,0.0,0.0]},"thirdperson_righthand":{"rotation":[0.0,0.0,0.0]},"gui":{"rotation":[-150.0,-45.0,180.0]}}}