{"textures":{"0":"modelengine:entity/spiderboss"},"elements":[{"from":[5.73875,4.75375,-1.7687492],"to":[10.26125,9.27625,8.783751],"faces":{"east":{"uv":[15.625,2.375,14.75,2.75],"tintindex":0,"rotation":0,"texture":"#0"},"south":{"uv":[8.875,15.25,8.5,15.625],"tintindex":0,"rotation":0,"texture":"#0"},"north":{"uv":[8.5,15.25,8.125,15.625],"tintindex":0,"rotation":0,"texture":"#0"},"west":{"uv":[15.625,2.0,14.75,2.375],"tintindex":0,"rotation":0,"texture":"#0"},"up":{"uv":[14.75,3.625,15.125,2.75],"tintindex":0,"rotation":0,"texture":"#0"},"down":{"uv":[14.875,0.0,15.25,0.875],"tintindex":0,"rotation":0,"texture":"#0"}}},{"from":[5.73875,-2.7837505,-1.7687492],"to":[10.26125,4.75375,2.7537498],"faces":{"east":{"uv":[15.375,12.75,15.0,13.375],"tintindex":0,"rotation":0,"texture":"#0"},"south":{"uv":[15.375,12.125,15.0,12.75],"tintindex":0,"rotation":0,"texture":"#0"},"north":{"uv":[13.625,4.75,13.25,5.375],"tintindex":0,"rotation":0,"texture":"#0"},"west":{"uv":[14.125,4.0,13.75,4.625],"tintindex":0,"rotation":0,"texture":"#0"},"up":{"uv":[3.375,15.625,3.75,15.25],"tintindex":0,"rotation":0,"texture":"#0"},"down":{"uv":[3.75,15.25,4.125,15.625],"tintindex":0,"rotation":0,"texture":"#0"}}}],"display":{"gui":{"rotation":[30,225,0]}}}