{"textures":{"0":"modelengine:entity/spiderboss","particle":"#0"},"elements":[{"from":[6.366875,-4.0600004,6.115625],"to":[9.381875,9.5075,9.130625],"faces":{"east":{"uv":[11.125,13.0,11.625,15.25],"tintindex":0,"rotation":0,"texture":"#0"},"south":{"uv":[11.625,13.0,12.125,15.25],"tintindex":0,"rotation":0,"texture":"#0"},"north":{"uv":[10.625,13.0,11.125,15.25],"tintindex":0,"rotation":0,"texture":"#0"},"west":{"uv":[13.125,5.5,13.625,7.75],"tintindex":0,"rotation":0,"texture":"#0"},"up":{"uv":[15.5,10.625,15.0,10.125],"tintindex":0,"rotation":0,"texture":"#0"},"down":{"uv":[15.5,10.625,15.0,11.125],"tintindex":0,"rotation":0,"texture":"#0"}}}],"display":{"head":{"rotation":[0.0,0.0,0.0]},"firstperson_righthand":{"rotation":[0.0,0.0,0.0]},"thirdperson_lefthand":{"rotation":[0.0,-0.0,-0.0]},"firstperson_lefthand":{"rotation":[0.0,-0.0,-0.0]},"fixed":{"rotation":[0.0,0.0,0.0]},"ground":{"rotation":[0.0,0.0,0.0]},"thirdperson_righthand":{"rotation":[0.0,0.0,0.0]},"gui":{"rotation":[-150.0,-45.0,180.0]}}}