{"textures":{"0":"modelengine:entity/spiderboss","particle":"#0"},"elements":[{"from":[5.5503125,-11.5975,4.9849997],"to":[10.449688,8.0,11.015],"faces":{"east":{"uv":[2.25,6.0,3.25,9.25],"tintindex":0,"rotation":0,"texture":"#0"},"south":{"uv":[0.875,9.75,1.75,13.0],"tintindex":0,"rotation":0,"texture":"#0"},"north":{"uv":[9.75,0.0,10.625,3.25],"tintindex":0,"rotation":0,"texture":"#0"},"west":{"uv":[3.25,6.0,4.25,9.25],"tintindex":0,"rotation":0,"texture":"#0"},"up":{"uv":[14.875,1.0,14.0,0.0],"tintindex":0,"rotation":0,"texture":"#0"},"down":{"uv":[14.875,1.0,14.0,2.0],"tintindex":0,"rotation":0,"texture":"#0"}}}],"display":{"head":{"rotation":[0.0,0.0,0.0]},"firstperson_righthand":{"rotation":[0.0,0.0,0.0]},"thirdperson_lefthand":{"rotation":[0.0,-0.0,-0.0]},"firstperson_lefthand":{"rotation":[0.0,-0.0,-0.0]},"fixed":{"rotation":[0.0,0.0,0.0]},"ground":{"rotation":[0.0,0.0,0.0]},"thirdperson_righthand":{"rotation":[0.0,0.0,0.0]},"gui":{"rotation":[-150.0,-45.0,180.0]}}}