{"textures":{"0":"modelengine:entity/spiderboss","particle":"#0"},"elements":[{"from":[5.550312,-11.5975,4.985],"to":[10.449688,8.0,11.015],"faces":{"east":{"uv":[8.75,6.5,9.75,9.75],"tintindex":0,"rotation":0,"texture":"#0"},"south":{"uv":[11.25,9.75,12.125,13.0],"tintindex":0,"rotation":0,"texture":"#0"},"north":{"uv":[2.625,10.875,3.5,14.125],"tintindex":0,"rotation":0,"texture":"#0"},"west":{"uv":[4.25,8.875,5.25,12.125],"tintindex":0,"rotation":0,"texture":"#0"},"up":{"uv":[5.875,15.375,5.0,14.375],"tintindex":0,"rotation":0,"texture":"#0"},"down":{"uv":[13.0,14.375,12.125,15.375],"tintindex":0,"rotation":0,"texture":"#0"}}}],"display":{"head":{"rotation":[0.0,0.0,0.0]},"firstperson_righthand":{"rotation":[0.0,0.0,0.0]},"thirdperson_lefthand":{"rotation":[0.0,-0.0,-0.0]},"firstperson_lefthand":{"rotation":[0.0,-0.0,-0.0]},"fixed":{"rotation":[0.0,0.0,0.0]},"ground":{"rotation":[0.0,0.0,0.0]},"thirdperson_righthand":{"rotation":[0.0,0.0,0.0]},"gui":{"rotation":[-150.0,-45.0,180.0]}}}