{"textures":{"0":"modelengine:entity/spiderboss","particle":"#0"},"elements":[{"from":[5.5503125,-11.5975,4.985],"to":[10.449688,8.0,11.015],"faces":{"east":{"uv":[0.0,6.5,1.0,9.75],"tintindex":0,"rotation":0,"texture":"#0"},"south":{"uv":[9.75,6.5,10.625,9.75],"tintindex":0,"rotation":0,"texture":"#0"},"north":{"uv":[9.75,3.25,10.625,6.5],"tintindex":0,"rotation":0,"texture":"#0"},"west":{"uv":[1.0,6.5,2.0,9.75],"tintindex":0,"rotation":0,"texture":"#0"},"up":{"uv":[2.375,15.125,1.5,14.125],"tintindex":0,"rotation":0,"texture":"#0"},"down":{"uv":[3.25,14.125,2.375,15.125],"tintindex":0,"rotation":0,"texture":"#0"}}}],"display":{"head":{"rotation":[0.0,0.0,0.0]},"firstperson_righthand":{"rotation":[0.0,0.0,0.0]},"thirdperson_lefthand":{"rotation":[0.0,-0.0,-0.0]},"firstperson_lefthand":{"rotation":[0.0,-0.0,-0.0]},"fixed":{"rotation":[0.0,0.0,0.0]},"ground":{"rotation":[0.0,0.0,0.0]},"thirdperson_righthand":{"rotation":[0.0,0.0,0.0]},"gui":{"rotation":[-150.0,-45.0,180.0]}}}