{"textures":{"0":"modelengine:entity/spiderboss","particle":"#0"},"elements":[{"from":[6.115625,-4.0600004,6.869375],"to":[9.130625,9.5075,9.884375],"faces":{"east":{"uv":[9.125,13.0,9.625,15.25],"tintindex":0,"rotation":0,"texture":"#0"},"south":{"uv":[9.625,13.0,10.125,15.25],"tintindex":0,"rotation":0,"texture":"#0"},"north":{"uv":[8.625,13.0,9.125,15.25],"tintindex":0,"rotation":0,"texture":"#0"},"west":{"uv":[10.125,13.0,10.625,15.25],"tintindex":0,"rotation":0,"texture":"#0"},"up":{"uv":[15.5,8.0,15.0,7.5],"tintindex":0,"rotation":0,"texture":"#0"},"down":{"uv":[15.5,9.625,15.0,10.125],"tintindex":0,"rotation":0,"texture":"#0"}}}],"display":{"head":{"rotation":[0.0,0.0,0.0]},"firstperson_righthand":{"rotation":[0.0,0.0,0.0]},"thirdperson_lefthand":{"rotation":[0.0,-0.0,-0.0]},"firstperson_lefthand":{"rotation":[0.0,-0.0,-0.0]},"fixed":{"rotation":[0.0,0.0,0.0]},"ground":{"rotation":[0.0,0.0,0.0]},"thirdperson_righthand":{"rotation":[0.0,0.0,0.0]},"gui":{"rotation":[-150.0,-45.0,180.0]}}}