{"textures":{"0":"modelengine:entity/spiderboss","particle":"#0"},"elements":[{"from":[6.8693748,-4.0600004,6.869375],"to":[9.884375,9.5075,9.884375],"faces":{"east":{"uv":[12.125,9.875,12.625,12.125],"tintindex":0,"rotation":0,"texture":"#0"},"south":{"uv":[12.125,12.125,12.625,14.375],"tintindex":0,"rotation":0,"texture":"#0"},"north":{"uv":[5.625,12.125,6.125,14.375],"tintindex":0,"rotation":0,"texture":"#0"},"west":{"uv":[6.125,12.625,6.625,14.875],"tintindex":0,"rotation":0,"texture":"#0"},"up":{"uv":[14.375,15.375,13.875,14.875],"tintindex":0,"rotation":0,"texture":"#0"},"down":{"uv":[15.5,4.0,15.0,4.5],"tintindex":0,"rotation":0,"texture":"#0"}}}],"display":{"head":{"rotation":[0.0,0.0,0.0]},"firstperson_righthand":{"rotation":[0.0,0.0,0.0]},"thirdperson_lefthand":{"rotation":[0.0,-0.0,-0.0]},"firstperson_lefthand":{"rotation":[0.0,-0.0,-0.0]},"fixed":{"rotation":[0.0,0.0,0.0]},"ground":{"rotation":[0.0,0.0,0.0]},"thirdperson_righthand":{"rotation":[0.0,0.0,0.0]},"gui":{"rotation":[-150.0,-45.0,180.0]}}}