{"textures":{"0":"modelengine:entity/spiderboss","particle":"#0"},"elements":[{"from":[6.115625,-4.0600004,6.8693748],"to":[9.130625,9.5075,9.884375],"faces":{"east":{"uv":[4.5,13.0,5.0,15.25],"tintindex":0,"rotation":0,"texture":"#0"},"south":{"uv":[7.625,13.0,8.125,15.25],"tintindex":0,"rotation":0,"texture":"#0"},"north":{"uv":[4.0,13.0,4.5,15.25],"tintindex":0,"rotation":0,"texture":"#0"},"west":{"uv":[8.125,13.0,8.625,15.25],"tintindex":0,"rotation":0,"texture":"#0"},"up":{"uv":[15.5,7.0,15.0,6.5],"tintindex":0,"rotation":0,"texture":"#0"},"down":{"uv":[15.5,7.0,15.0,7.5],"tintindex":0,"rotation":0,"texture":"#0"}}}],"display":{"head":{"rotation":[0.0,0.0,0.0]},"firstperson_righthand":{"rotation":[0.0,0.0,0.0]},"thirdperson_lefthand":{"rotation":[0.0,-0.0,-0.0]},"firstperson_lefthand":{"rotation":[0.0,-0.0,-0.0]},"fixed":{"rotation":[0.0,0.0,0.0]},"ground":{"rotation":[0.0,0.0,0.0]},"thirdperson_righthand":{"rotation":[0.0,0.0,0.0]},"gui":{"rotation":[-150.0,-45.0,180.0]}}}