{"textures":{"0":"modelengine:entity/spiderboss","particle":"#0"},"elements":[{"from":[5.5503125,-11.5975,4.985],"to":[10.449688,8.0,11.014999],"faces":{"east":{"uv":[4.75,5.625,5.75,8.875],"tintindex":0,"rotation":0,"texture":"#0"},"south":{"uv":[0.0,9.75,0.875,13.0],"tintindex":0,"rotation":0,"texture":"#0"},"north":{"uv":[5.25,8.875,6.125,12.125],"tintindex":0,"rotation":0,"texture":"#0"},"west":{"uv":[5.75,5.625,6.75,8.875],"tintindex":0,"rotation":0,"texture":"#0"},"up":{"uv":[14.625,9.75,13.75,8.75],"tintindex":0,"rotation":0,"texture":"#0"},"down":{"uv":[14.5,13.875,13.625,14.875],"tintindex":0,"rotation":0,"texture":"#0"}}}],"display":{"head":{"rotation":[0.0,0.0,0.0]},"firstperson_righthand":{"rotation":[0.0,0.0,0.0]},"thirdperson_lefthand":{"rotation":[0.0,-0.0,-0.0]},"firstperson_lefthand":{"rotation":[0.0,-0.0,-0.0]},"fixed":{"rotation":[0.0,0.0,0.0]},"ground":{"rotation":[0.0,0.0,0.0]},"thirdperson_righthand":{"rotation":[0.0,0.0,0.0]},"gui":{"rotation":[-150.0,-45.0,180.0]}}}