{"textures":{"0":"modelengine:entity/spiderboss","particle":"#0"},"elements":[{"from":[5.550312,-11.5975,4.9849997],"to":[10.449688,8.0,11.015],"faces":{"east":{"uv":[7.75,6.5,8.75,9.75],"tintindex":0,"rotation":0,"texture":"#0"},"south":{"uv":[10.625,3.25,11.5,6.5],"tintindex":0,"rotation":0,"texture":"#0"},"north":{"uv":[10.625,0.0,11.5,3.25],"tintindex":0,"rotation":0,"texture":"#0"},"west":{"uv":[6.75,8.125,7.75,11.375],"tintindex":0,"rotation":0,"texture":"#0"},"up":{"uv":[15.0,10.75,14.125,9.75],"tintindex":0,"rotation":0,"texture":"#0"},"down":{"uv":[15.0,10.75,14.125,11.75],"tintindex":0,"rotation":0,"texture":"#0"}}}],"display":{"head":{"rotation":[0.0,0.0,0.0]},"firstperson_righthand":{"rotation":[0.0,0.0,0.0]},"thirdperson_lefthand":{"rotation":[0.0,-0.0,-0.0]},"firstperson_lefthand":{"rotation":[0.0,-0.0,-0.0]},"fixed":{"rotation":[0.0,0.0,0.0]},"ground":{"rotation":[0.0,0.0,0.0]},"thirdperson_righthand":{"rotation":[0.0,0.0,0.0]},"gui":{"rotation":[-150.0,-45.0,180.0]}}}