{"textures":{"0":"modelengine:entity/spiderboss","particle":"#0"},"elements":[{"from":[6.366875,-4.0600004,6.115625],"to":[9.381875,9.5075,9.130625],"faces":{"east":{"uv":[13.125,12.125,13.625,14.375],"tintindex":0,"rotation":0,"texture":"#0"},"south":{"uv":[13.25,2.5,13.75,4.75],"tintindex":0,"rotation":0,"texture":"#0"},"north":{"uv":[13.125,9.875,13.625,12.125],"tintindex":0,"rotation":0,"texture":"#0"},"west":{"uv":[13.5,0.0,14.0,2.25],"tintindex":0,"rotation":0,"texture":"#0"},"up":{"uv":[15.5,11.625,15.0,11.125],"tintindex":0,"rotation":0,"texture":"#0"},"down":{"uv":[15.5,11.625,15.0,12.125],"tintindex":0,"rotation":0,"texture":"#0"}}}],"display":{"head":{"rotation":[0.0,0.0,0.0]},"firstperson_righthand":{"rotation":[0.0,0.0,0.0]},"thirdperson_lefthand":{"rotation":[0.0,-0.0,-0.0]},"firstperson_lefthand":{"rotation":[0.0,-0.0,-0.0]},"fixed":{"rotation":[0.0,0.0,0.0]},"ground":{"rotation":[0.0,0.0,0.0]},"thirdperson_righthand":{"rotation":[0.0,0.0,0.0]},"gui":{"rotation":[-150.0,-45.0,180.0]}}}