{"textures":{"0":"modelengine:entity/spiderboss","particle":"#0"},"elements":[{"from":[6.618125,-4.0600004,6.115625],"to":[9.633125,9.5075,9.130625],"faces":{"east":{"uv":[7.125,12.625,7.625,14.875],"tintindex":0,"rotation":0,"texture":"#0"},"south":{"uv":[12.625,9.875,13.125,12.125],"tintindex":0,"rotation":0,"texture":"#0"},"north":{"uv":[6.625,12.625,7.125,14.875],"tintindex":0,"rotation":0,"texture":"#0"},"west":{"uv":[12.625,12.125,13.125,14.375],"tintindex":0,"rotation":0,"texture":"#0"},"up":{"uv":[15.5,5.0,15.0,4.5],"tintindex":0,"rotation":0,"texture":"#0"},"down":{"uv":[15.5,5.0,15.0,5.5],"tintindex":0,"rotation":0,"texture":"#0"}}}],"display":{"head":{"rotation":[0.0,0.0,0.0]},"firstperson_righthand":{"rotation":[0.0,0.0,0.0]},"thirdperson_lefthand":{"rotation":[0.0,-0.0,-0.0]},"firstperson_lefthand":{"rotation":[0.0,-0.0,-0.0]},"fixed":{"rotation":[0.0,0.0,0.0]},"ground":{"rotation":[0.0,0.0,0.0]},"thirdperson_righthand":{"rotation":[0.0,0.0,0.0]},"gui":{"rotation":[-150.0,-45.0,180.0]}}}