{"textures":{"0":"modelengine:entity/spiderboss","particle":"#0"},"elements":[{"from":[6.8693748,-4.0600004,6.8693748],"to":[9.884375,9.5075,9.884375],"faces":{"east":{"uv":[6.125,8.875,6.625,11.125],"tintindex":0,"rotation":0,"texture":"#0"},"south":{"uv":[3.75,9.25,4.25,11.5],"tintindex":0,"rotation":0,"texture":"#0"},"north":{"uv":[4.25,6.0,4.75,8.25],"tintindex":0,"rotation":0,"texture":"#0"},"west":{"uv":[5.125,12.125,5.625,14.375],"tintindex":0,"rotation":0,"texture":"#0"},"up":{"uv":[7.375,15.375,6.875,14.875],"tintindex":0,"rotation":0,"texture":"#0"},"down":{"uv":[13.875,14.875,13.375,15.375],"tintindex":0,"rotation":0,"texture":"#0"}}}],"display":{"head":{"rotation":[0.0,0.0,0.0]},"firstperson_righthand":{"rotation":[0.0,0.0,0.0]},"thirdperson_lefthand":{"rotation":[0.0,-0.0,-0.0]},"firstperson_lefthand":{"rotation":[0.0,-0.0,-0.0]},"fixed":{"rotation":[0.0,0.0,0.0]},"ground":{"rotation":[0.0,0.0,0.0]},"thirdperson_righthand":{"rotation":[0.0,0.0,0.0]},"gui":{"rotation":[-150.0,-45.0,180.0]}}}