{"textures":{"0":"modelengine:entity/spiderboss","particle":"#0"},"elements":[{"from":[5.5503125,-11.5975,4.9849997],"to":[10.449688,8.0,11.014999],"faces":{"east":{"uv":[6.75,1.625,7.75,4.875],"tintindex":0,"rotation":0,"texture":"#0"},"south":{"uv":[8.625,9.75,9.5,13.0],"tintindex":0,"rotation":0,"texture":"#0"},"north":{"uv":[7.75,9.75,8.625,13.0],"tintindex":0,"rotation":0,"texture":"#0"},"west":{"uv":[6.75,4.875,7.75,8.125],"tintindex":0,"rotation":0,"texture":"#0"},"up":{"uv":[15.0,5.0,14.125,4.0],"tintindex":0,"rotation":0,"texture":"#0"},"down":{"uv":[15.0,5.0,14.125,6.0],"tintindex":0,"rotation":0,"texture":"#0"}}}],"display":{"head":{"rotation":[0.0,0.0,0.0]},"firstperson_righthand":{"rotation":[0.0,0.0,0.0]},"thirdperson_lefthand":{"rotation":[0.0,-0.0,-0.0]},"firstperson_lefthand":{"rotation":[0.0,-0.0,-0.0]},"fixed":{"rotation":[0.0,0.0,0.0]},"ground":{"rotation":[0.0,0.0,0.0]},"thirdperson_righthand":{"rotation":[0.0,0.0,0.0]},"gui":{"rotation":[-150.0,-45.0,180.0]}}}