{"textures":{"0":"modelengine:entity/spiderboss","particle":"#0"},"elements":[{"from":[5.550312,-11.5975,4.985],"to":[10.449688,8.0,11.014999],"faces":{"east":{"uv":[7.75,0.0,8.75,3.25],"tintindex":0,"rotation":0,"texture":"#0"},"south":{"uv":[10.375,9.75,11.25,13.0],"tintindex":0,"rotation":0,"texture":"#0"},"north":{"uv":[9.5,9.75,10.375,13.0],"tintindex":0,"rotation":0,"texture":"#0"},"west":{"uv":[7.75,3.25,8.75,6.5],"tintindex":0,"rotation":0,"texture":"#0"},"up":{"uv":[15.0,7.0,14.125,6.0],"tintindex":0,"rotation":0,"texture":"#0"},"down":{"uv":[15.0,7.0,14.125,8.0],"tintindex":0,"rotation":0,"texture":"#0"}}}],"display":{"head":{"rotation":[0.0,0.0,0.0]},"firstperson_righthand":{"rotation":[0.0,0.0,0.0]},"thirdperson_lefthand":{"rotation":[0.0,-0.0,-0.0]},"firstperson_lefthand":{"rotation":[0.0,-0.0,-0.0]},"fixed":{"rotation":[0.0,0.0,0.0]},"ground":{"rotation":[0.0,0.0,0.0]},"thirdperson_righthand":{"rotation":[0.0,0.0,0.0]},"gui":{"rotation":[-150.0,-45.0,180.0]}}}