{"textures":{"0":"modelengine:entity/spiderboss","particle":"#0"},"elements":[{"from":[4.745953,2.0438547,5.3618755],"to":[9.268454,9.581354,9.884375],"faces":{"east":{"uv":[2.625,15.125,3.0,15.75],"tintindex":0,"rotation":0,"texture":"#0"},"south":{"uv":[15.125,2.75,15.5,3.375],"tintindex":0,"rotation":0,"texture":"#0"},"north":{"uv":[2.25,15.125,2.625,15.75],"tintindex":0,"rotation":0,"texture":"#0"},"west":{"uv":[3.0,15.125,3.375,15.75],"tintindex":0,"rotation":0,"texture":"#0"},"up":{"uv":[9.25,15.625,8.875,15.25],"tintindex":0,"rotation":0,"texture":"#0"},"down":{"uv":[9.625,15.25,9.25,15.625],"tintindex":0,"rotation":0,"texture":"#0"}},"rotation":{"origin":[6.2534533,6.5663548,7.623125],"angle":-22.5,"axis":"z"}},{"from":[4.745953,-2.4786453,8.376875],"to":[10.775953,3.5513554,8.376875],"faces":{"south":{"uv":[11.5,9.0,12.0,9.5],"tintindex":0,"rotation":0,"texture":"#0"},"north":{"uv":[4.25,8.25,4.75,8.75],"tintindex":0,"rotation":0,"texture":"#0"}},"rotation":{"origin":[6.2534533,6.5663548,7.623125],"angle":-22.5,"axis":"z"}}],"display":{"head":{"rotation":[0.0,0.0,0.0]},"firstperson_righthand":{"rotation":[0.0,0.0,0.0]},"thirdperson_lefthand":{"rotation":[0.0,-0.0,-0.0]},"firstperson_lefthand":{"rotation":[0.0,-0.0,-0.0]},"fixed":{"rotation":[0.0,0.0,0.0]},"ground":{"rotation":[0.0,0.0,0.0]},"thirdperson_righthand":{"rotation":[0.0,0.0,0.0]},"gui":{"rotation":[-150.0,-45.0,180.0]}}}