{"textures":{"0":"modelengine:entity/spiderboss"},"elements":[{"from":[5.73875,5.73875,9.5824995],"to":[5.73875,17.79875,12.5975],"faces":{"east":{"uv":[13.625,9.875,14.125,11.875],"tintindex":0,"rotation":0,"texture":"#0"},"west":{"uv":[13.625,11.875,14.125,13.875],"tintindex":0,"rotation":0,"texture":"#0"}}},{"from":[1.9699998,7.24625,-10.014999],"to":[14.030001,14.783751,-0.21625042],"faces":{"east":{"uv":[6.125,11.375,7.75,12.625],"tintindex":0,"rotation":0,"texture":"#0"},"south":{"uv":[11.5,1.25,13.5,2.5],"tintindex":0,"rotation":0,"texture":"#0"},"north":{"uv":[11.5,0.0,13.5,1.25],"tintindex":0,"rotation":0,"texture":"#0"},"west":{"uv":[11.5,2.5,13.125,3.75],"tintindex":0,"rotation":0,"texture":"#0"},"up":{"uv":[6.75,5.625,4.75,4.0],"tintindex":0,"rotation":0,"texture":"#0"},"down":{"uv":[7.0,0.0,5.0,1.625],"tintindex":0,"rotation":0,"texture":"#0"}}},{"from":[0.4625001,5.73875,-3.9850006],"to":[15.5375,17.79875,9.5824995],"faces":{"east":{"uv":[2.5,4.0,4.75,6.0],"tintindex":0,"rotation":0,"texture":"#0"},"south":{"uv":[2.5,2.0,5.0,4.0],"tintindex":0,"rotation":0,"texture":"#0"},"north":{"uv":[2.5,0.0,5.0,2.0],"tintindex":0,"rotation":0,"texture":"#0"},"west":{"uv":[0.0,4.5,2.25,6.5],"tintindex":0,"rotation":0,"texture":"#0"},"up":{"uv":[2.5,2.25,0.0,0.0],"tintindex":0,"rotation":0,"texture":"#0"},"down":{"uv":[2.5,2.25,0.0,4.5],"tintindex":0,"rotation":0,"texture":"#0"}}},{"from":[13.27625,19.833874,-6.24625],"to":[13.27625,25.110125,3.5524998],"faces":{"east":{"uv":[11.5,7.25,13.125,8.125],"tintindex":0,"rotation":0,"texture":"#0"},"west":{"uv":[11.5,8.125,13.125,9.0],"tintindex":0,"rotation":0,"texture":"#0"}},"rotation":{"origin":[13.27625,22.698124,-1.3468752],"angle":-22.5,"axis":"z"}},{"from":[10.26125,5.73875,9.5824995],"to":[10.26125,17.79875,12.5975],"faces":{"east":{"uv":[13.625,4.75,14.125,6.75],"tintindex":0,"rotation":0,"texture":"#0"},"west":{"uv":[13.625,6.75,14.125,8.75],"tintindex":0,"rotation":0,"texture":"#0"}}},{"from":[2.72375,14.783751,-6.24625],"to":[13.27625,20.06,3.5524998],"faces":{"east":{"uv":[3.5,12.125,5.125,13.0],"tintindex":0,"rotation":0,"texture":"#0"},"south":{"uv":[11.5,4.625,13.25,5.5],"tintindex":0,"rotation":0,"texture":"#0"},"north":{"uv":[11.5,3.75,13.25,4.625],"tintindex":0,"rotation":0,"texture":"#0"},"west":{"uv":[12.125,9.0,13.75,9.875],"tintindex":0,"rotation":0,"texture":"#0"},"up":{"uv":[6.75,3.25,5.0,1.625],"tintindex":0,"rotation":0,"texture":"#0"},"down":{"uv":[3.75,9.25,2.0,10.875],"tintindex":0,"rotation":0,"texture":"#0"}}},{"from":[2.72375,19.833874,-6.24625],"to":[2.72375,25.110125,3.5524998],"faces":{"east":{"uv":[11.5,5.5,13.125,6.375],"tintindex":0,"rotation":0,"texture":"#0"},"west":{"uv":[11.5,6.375,13.125,7.25],"tintindex":0,"rotation":0,"texture":"#0"}},"rotation":{"origin":[2.72375,22.698124,-1.3468752],"angle":22.5,"axis":"z"}}],"display":{"gui":{"rotation":[30,225,0]}}}