{"overrides":[{"predicate":{"custom_model_data":1},"model":"modelengine:buffaloo/tronco"},{"predicate":{"custom_model_data":2},"model":"modelengine:buffaloo/piernaatraz1"},{"predicate":{"custom_model_data":3},"model":"modelengine:buffaloo/piernatraz2"},{"predicate":{"custom_model_data":4},"model":"modelengine:buffaloo/piernaiz"},{"predicate":{"custom_model_data":5},"model":"modelengine:buffaloo/piernade"},{"predicate":{"custom_model_data":6},"model":"modelengine:buffaloo/head"},{"predicate":{"custom_model_data":7},"model":"modelengine:buffaloo/cola"},{"predicate":{"custom_model_data":8},"model":"modelengine:crocodile/torso"},{"predicate":{"custom_model_data":9},"model":"modelengine:crocodile/cola1"},{"predicate":{"custom_model_data":10},"model":"modelengine:crocodile/piernaatraz1"},{"predicate":{"custom_model_data":11},"model":"modelengine:crocodile/piernaatraz2"},{"predicate":{"custom_model_data":12},"model":"modelengine:crocodile/piernadelanteiz"},{"predicate":{"custom_model_data":13},"model":"modelengine:crocodile/piernadelanteiz2"},{"predicate":{"custom_model_data":14},"model":"modelengine:crocodile/cola2"},{"predicate":{"custom_model_data":15},"model":"modelengine:crocodile/bone2"},{"predicate":{"custom_model_data":16},"model":"modelengine:crocodile/bone"},{"predicate":{"custom_model_data":17},"model":"modelengine:crocodile/cola3"},{"predicate":{"custom_model_data":18},"model":"modelengine:crocodile/eyes2"},{"predicate":{"custom_model_data":19},"model":"modelengine:crocodile/eyes"},{"predicate":{"custom_model_data":20},"model":"modelengine:goblin/tronco"},{"predicate":{"custom_model_data":21},"model":"modelengine:goblin/piernaiz"},{"predicate":{"custom_model_data":22},"model":"modelengine:goblin/piernade"},{"predicate":{"custom_model_data":23},"model":"modelengine:goblin/head"},{"predicate":{"custom_model_data":24},"model":"modelengine:goblin/brazoiz"},{"predicate":{"custom_model_data":25},"model":"modelengine:goblin/brazode"},{"predicate":{"custom_model_data":26},"model":"modelengine:goblin/dagger"},{"predicate":{"custom_model_data":27},"model":"modelengine:miner_wrath/bodyupper"},{"predicate":{"custom_model_data":28},"model":"modelengine:miner_wrath/bodylower"},{"predicate":{"custom_model_data":29},"model":"modelengine:miner_wrath/torso"},{"predicate":{"custom_model_data":30},"model":"modelengine:miner_wrath/legright"},{"predicate":{"custom_model_data":31},"model":"modelengine:miner_wrath/legleft"},{"predicate":{"custom_model_data":32},"model":"modelengine:miner_wrath/head"},{"predicate":{"custom_model_data":33},"model":"modelengine:miner_wrath/armright"},{"predicate":{"custom_model_data":34},"model":"modelengine:miner_wrath/armleft"},{"predicate":{"custom_model_data":35},"model":"modelengine:miner_wrath/leglowerright"},{"predicate":{"custom_model_data":36},"model":"modelengine:miner_wrath/leglowerleft"},{"predicate":{"custom_model_data":37},"model":"modelengine:miner_wrath/lamp"},{"predicate":{"custom_model_data":38},"model":"modelengine:miner_wrath/helm"},{"predicate":{"custom_model_data":39},"model":"modelengine:miner_wrath/armlowerright"},{"predicate":{"custom_model_data":40},"model":"modelengine:miner_wrath/armlowerleft"},{"predicate":{"custom_model_data":41},"model":"modelengine:miner_wrath/footright"},{"predicate":{"custom_model_data":42},"model":"modelengine:miner_wrath/footleft"},{"predicate":{"custom_model_data":43},"model":"modelengine:miner_wrath/candle"},{"predicate":{"custom_model_data":44},"model":"modelengine:miner_wrath/handright"},{"predicate":{"custom_model_data":45},"model":"modelengine:miner_wrath/handleft"},{"predicate":{"custom_model_data":46},"model":"modelengine:miner_wrath/thumbright"},{"predicate":{"custom_model_data":47},"model":"modelengine:miner_wrath/fingerright1"},{"predicate":{"custom_model_data":48},"model":"modelengine:miner_wrath/fingerright2"},{"predicate":{"custom_model_data":49},"model":"modelengine:miner_wrath/pick"},{"predicate":{"custom_model_data":50},"model":"modelengine:miner_wrath/fingerright3"},{"predicate":{"custom_model_data":51},"model":"modelengine:miner_wrath/thumbleft"},{"predicate":{"custom_model_data":52},"model":"modelengine:miner_wrath/fingerleft2"},{"predicate":{"custom_model_data":53},"model":"modelengine:miner_wrath/fingerleft3"},{"predicate":{"custom_model_data":54},"model":"modelengine:miner_wrath/fingerleft1"},{"predicate":{"custom_model_data":55},"model":"modelengine:pharaoh/upperbody"},{"predicate":{"custom_model_data":56},"model":"modelengine:pharaoh/bone6"},{"predicate":{"custom_model_data":57},"model":"modelengine:pharaoh/bone4"},{"predicate":{"custom_model_data":58},"model":"modelengine:pharaoh/head"},{"predicate":{"custom_model_data":59},"model":"modelengine:pharaoh/bone3"},{"predicate":{"custom_model_data":60},"model":"modelengine:pharaoh/bone2"},{"predicate":{"custom_model_data":61},"model":"modelengine:pharaoh/bone5"},{"predicate":{"custom_model_data":62},"model":"modelengine:pharaoh/bone7"},{"predicate":{"custom_model_data":63},"model":"modelengine:pharaoh/bone"},{"predicate":{"custom_model_data":64},"model":"modelengine:pharaoh/left_lower_leg"},{"predicate":{"custom_model_data":65},"model":"modelengine:pharaoh/right_lower_leg"},{"predicate":{"custom_model_data":66},"model":"modelengine:pharaoh/la2"},{"predicate":{"custom_model_data":67},"model":"modelengine:pharaoh/la3"},{"predicate":{"custom_model_data":68},"model":"modelengine:pharaoh/right_forearm"},{"predicate":{"custom_model_data":69},"model":"modelengine:pharaoh/left_forearm"},{"predicate":{"custom_model_data":70},"model":"modelengine:pharaoh/right_hand"},{"predicate":{"custom_model_data":71},"model":"modelengine:pharaoh/left_hand"},{"predicate":{"custom_model_data":72},"model":"modelengine:pharaoh/bone9"},{"predicate":{"custom_model_data":73},"model":"modelengine:pharaoh/bone13"},{"predicate":{"custom_model_data":74},"model":"modelengine:pharaoh/bone8"},{"predicate":{"custom_model_data":75},"model":"modelengine:pharaoh/bone11"},{"predicate":{"custom_model_data":76},"model":"modelengine:pharaoh/bone10"},{"predicate":{"custom_model_data":77},"model":"modelengine:vampire/rightleg"},{"predicate":{"custom_model_data":78},"model":"modelengine:vampire/leftleg"},{"predicate":{"custom_model_data":79},"model":"modelengine:vampire/body"},{"predicate":{"custom_model_data":80},"model":"modelengine:vampire/lowerrightleg"},{"predicate":{"custom_model_data":81},"model":"modelengine:vampire/lowerleftleg"},{"predicate":{"custom_model_data":82},"model":"modelengine:vampire/head"},{"predicate":{"custom_model_data":83},"model":"modelengine:vampire/cap"},{"predicate":{"custom_model_data":84},"model":"modelengine:vampire/rightarm"},{"predicate":{"custom_model_data":85},"model":"modelengine:vampire/leftarm"},{"predicate":{"custom_model_data":86},"model":"modelengine:vampire/foot2"},{"predicate":{"custom_model_data":87},"model":"modelengine:vampire/foot3"},{"predicate":{"custom_model_data":88},"model":"modelengine:vampire/cap2"},{"predicate":{"custom_model_data":89},"model":"modelengine:vampire/armlowerright"},{"predicate":{"custom_model_data":90},"model":"modelengine:vampire/armlowerleft"},{"predicate":{"custom_model_data":91},"model":"modelengine:spider_queen/body"},{"predicate":{"custom_model_data":92},"model":"modelengine:spider_queen/patadelgada9"},{"predicate":{"custom_model_data":93},"model":"modelengine:spider_queen/head"},{"predicate":{"custom_model_data":94},"model":"modelengine:spider_queen/right_pedipalp"},{"predicate":{"custom_model_data":95},"model":"modelengine:spider_queen/left_pedipal"},{"predicate":{"custom_model_data":96},"model":"modelengine:spider_queen/patadelgada19"},{"predicate":{"custom_model_data":97},"model":"modelengine:spider_queen/patadelgada18"},{"predicate":{"custom_model_data":98},"model":"modelengine:spider_queen/patadelgada17"},{"predicate":{"custom_model_data":99},"model":"modelengine:spider_queen/patadelgada12"},{"predicate":{"custom_model_data":100},"model":"modelengine:spider_queen/patadelgada11"},{"predicate":{"custom_model_data":101},"model":"modelengine:spider_queen/patadelgada10"},{"predicate":{"custom_model_data":102},"model":"modelengine:spider_queen/patadelgada20"},{"predicate":{"custom_model_data":103},"model":"modelengine:spider_queen/patagrande9"},{"predicate":{"custom_model_data":104},"model":"modelengine:spider_queen/left_fang"},{"predicate":{"custom_model_data":105},"model":"modelengine:spider_queen/right_fang"},{"predicate":{"custom_model_data":106},"model":"modelengine:spider_queen/patagrande19"},{"predicate":{"custom_model_data":107},"model":"modelengine:spider_queen/patagrande18"},{"predicate":{"custom_model_data":108},"model":"modelengine:spider_queen/patagrande17"},{"predicate":{"custom_model_data":109},"model":"modelengine:spider_queen/patagrande12"},{"predicate":{"custom_model_data":110},"model":"modelengine:spider_queen/patagrande11"},{"predicate":{"custom_model_data":111},"model":"modelengine:spider_queen/patagrande10"},{"predicate":{"custom_model_data":112},"model":"modelengine:spider_queen/patagrande20"}],"parent":"minecraft:item/generated","textures":{"layer0":"minecraft:item/leather_horse_armor"}}