{"textures":{"0":"modelengine:entity/vampire","particle":"#0"},"elements":[{"from":[5.21085,-0.3843193,6.0],"to":[10.21085,2.6156807,11.0],"faces":{"east":{"uv":[6.625,1.75,6.9375,1.9375],"tintindex":0,"rotation":0,"texture":"#0"},"south":{"uv":[6.625,1.9375,6.9375,2.125],"tintindex":0,"rotation":0,"texture":"#0"},"north":{"uv":[6.625,1.5625,6.9375,1.75],"tintindex":0,"rotation":0,"texture":"#0"},"west":{"uv":[6.625,2.125,6.9375,2.3125],"tintindex":0,"rotation":0,"texture":"#0"},"up":{"uv":[6.375,5.375,6.0625,5.0625],"tintindex":0,"rotation":0,"texture":"#0"},"down":{"uv":[5.625,6.125,5.3125,6.4375],"tintindex":0,"rotation":0,"texture":"#0"}}},{"from":[5.71085,0.8656807,6.5],"to":[9.71085,7.8656807,10.5],"faces":{"east":{"uv":[0.0,5.875,0.25,6.3125],"tintindex":0,"rotation":0,"texture":"#0"},"south":{"uv":[6.0,0.75,6.25,1.1875],"tintindex":0,"rotation":0,"texture":"#0"},"north":{"uv":[2.375,3.0625,2.625,3.5],"tintindex":0,"rotation":0,"texture":"#0"},"west":{"uv":[2.75,6.0625,3.0,6.5],"tintindex":0,"rotation":0,"texture":"#0"},"up":{"uv":[6.625,5.25,6.375,5.0],"tintindex":0,"rotation":0,"texture":"#0"},"down":{"uv":[5.5,6.4375,5.25,6.6875],"tintindex":0,"rotation":0,"texture":"#0"}}},{"from":[5.61085,-4.234319,6.4],"to":[9.81085,-0.034319304,10.6],"faces":{"east":{"uv":[1.4375,6.5,1.6875,6.75],"tintindex":0,"rotation":0,"texture":"#0"},"south":{"uv":[1.6875,6.5,1.9375,6.75],"tintindex":0,"rotation":0,"texture":"#0"},"north":{"uv":[5.5,6.4375,5.75,6.6875],"tintindex":0,"rotation":0,"texture":"#0"},"west":{"uv":[2.6875,6.5,2.9375,6.75],"tintindex":0,"rotation":0,"texture":"#0"},"up":{"uv":[3.5,6.75,3.25,6.5],"tintindex":0,"rotation":0,"texture":"#0"},"down":{"uv":[3.75,6.5,3.5,6.75],"tintindex":0,"rotation":0,"texture":"#0"}}}],"display":{"head":{"rotation":[0.0,0.0,0.0]},"firstperson_righthand":{"rotation":[0.0,0.0,0.0]},"thirdperson_lefthand":{"rotation":[0.0,-0.0,-0.0]},"firstperson_lefthand":{"rotation":[0.0,-0.0,-0.0]},"fixed":{"rotation":[0.0,0.0,0.0]},"ground":{"rotation":[0.0,0.0,0.0]},"thirdperson_righthand":{"rotation":[0.0,0.0,0.0]},"gui":{"rotation":[-150.0,-45.0,180.0]}}}