{"textures":{"0":"modelengine:entity/vampire","particle":"#0"},"elements":[{"from":[2.0,16.5,2.0],"to":[14.0,26.5,11.0],"faces":{"east":{"uv":[3.375,2.0,3.9375,2.625],"tintindex":0,"rotation":0,"texture":"#0"},"south":{"uv":[1.875,2.4375,2.625,3.0625],"tintindex":0,"rotation":0,"texture":"#0"},"north":{"uv":[2.0,0.6875,2.75,1.3125],"tintindex":0,"rotation":0,"texture":"#0"},"west":{"uv":[3.5,0.5625,4.0625,1.1875],"tintindex":0,"rotation":0,"texture":"#0"},"up":{"uv":[3.5,1.25,2.75,0.6875],"tintindex":0,"rotation":0,"texture":"#0"},"down":{"uv":[3.5625,0.0,2.8125,0.5625],"tintindex":0,"rotation":0,"texture":"#0"}}},{"from":[2.99,22.24,0.49],"to":[13.01,31.26,12.51],"faces":{"east":{"uv":[2.625,2.4375,3.375,3.0],"tintindex":0,"rotation":0,"texture":"#0"},"south":{"uv":[0.75,3.25,1.375,3.8125],"tintindex":0,"rotation":0,"texture":"#0"},"west":{"uv":[0.875,2.6875,1.625,3.25],"tintindex":0,"rotation":0,"texture":"#0"}}},{"from":[3.0,14.5,3.0],"to":[13.0,17.5,10.0],"faces":{"east":{"uv":[6.25,0.75,6.6875,0.9375],"tintindex":0,"rotation":0,"texture":"#0"},"south":{"uv":[5.9375,5.875,6.5625,6.0625],"tintindex":0,"rotation":0,"texture":"#0"},"north":{"uv":[5.875,4.3125,6.5,4.5],"tintindex":0,"rotation":0,"texture":"#0"},"west":{"uv":[6.25,0.9375,6.6875,1.125],"tintindex":0,"rotation":0,"texture":"#0"},"up":{"uv":[1.125,4.25,0.5,3.8125],"tintindex":0,"rotation":0,"texture":"#0"},"down":{"uv":[4.125,3.875,3.5,4.3125],"tintindex":0,"rotation":0,"texture":"#0"}}},{"from":[1.95,6.749999,2.7],"to":[14.05,9.849999,10.8],"faces":{"east":{"uv":[6.125,3.125,6.625,3.3125],"tintindex":0,"rotation":0,"texture":"#0"},"south":{"uv":[5.5625,4.875,6.3125,5.0625],"tintindex":0,"rotation":0,"texture":"#0"},"north":{"uv":[2.0,1.3125,2.75,1.5],"tintindex":0,"rotation":0,"texture":"#0"},"west":{"uv":[6.1875,6.0625,6.6875,6.25],"tintindex":0,"rotation":0,"texture":"#0"},"up":{"uv":[2.375,3.5625,1.625,3.0625],"tintindex":0,"rotation":0,"texture":"#0"},"down":{"uv":[0.75,3.125,0.0,3.625],"tintindex":0,"rotation":0,"texture":"#0"}}},{"from":[3.3,7.8,3.3],"to":[12.7,16.2,9.7],"faces":{"east":{"uv":[0.5,5.875,0.8125,6.3125],"tintindex":0,"rotation":0,"texture":"#0"},"south":{"uv":[4.75,1.875,5.25,2.3125],"tintindex":0,"rotation":0,"texture":"#0"},"north":{"uv":[4.625,0.0,5.125,0.4375],"tintindex":0,"rotation":0,"texture":"#0"},"west":{"uv":[0.8125,5.875,1.125,6.3125],"tintindex":0,"rotation":0,"texture":"#0"},"up":{"uv":[6.125,3.0625,5.625,2.75],"tintindex":0,"rotation":0,"texture":"#0"},"down":{"uv":[6.125,3.0625,5.625,3.375],"tintindex":0,"rotation":0,"texture":"#0"}}}],"display":{"head":{"rotation":[0.0,0.0,0.0]},"firstperson_righthand":{"rotation":[0.0,0.0,0.0]},"thirdperson_lefthand":{"rotation":[0.0,-0.0,-0.0]},"firstperson_lefthand":{"rotation":[0.0,-0.0,-0.0]},"fixed":{"rotation":[0.0,0.0,0.0]},"ground":{"rotation":[0.0,0.0,0.0]},"thirdperson_righthand":{"rotation":[0.0,0.0,0.0]},"gui":{"rotation":[-150.0,-45.0,180.0]}}}