{"textures":{"0":"modelengine:entity/vampire","particle":"#0"},"elements":[{"from":[-0.01,-6.1099987,8.389999],"to":[16.01,8.910002,11.41],"faces":{"east":{"uv":[0.5,1.4375,0.6875,2.375],"tintindex":0,"rotation":0,"texture":"#0"},"south":{"uv":[0.0,0.0,1.0,0.9375],"tintindex":0,"rotation":0,"texture":"#0"},"west":{"uv":[0.6875,1.4375,0.875,2.375],"tintindex":0,"rotation":0,"texture":"#0"},"up":{"uv":[2.0,0.1875,1.0,0.0],"tintindex":0,"rotation":0,"texture":"#0"},"down":{"uv":[2.0,0.1875,1.0,0.375],"tintindex":0,"rotation":0,"texture":"#0"}}}],"display":{"head":{"rotation":[0.0,0.0,0.0]},"firstperson_righthand":{"rotation":[0.0,0.0,0.0]},"thirdperson_lefthand":{"rotation":[0.0,-0.0,-0.0]},"firstperson_lefthand":{"rotation":[0.0,-0.0,-0.0]},"fixed":{"rotation":[0.0,0.0,0.0]},"ground":{"rotation":[0.0,0.0,0.0]},"thirdperson_righthand":{"rotation":[0.0,0.0,0.0]},"gui":{"rotation":[-150.0,-45.0,180.0]}}}