{"textures":{"0":"modelengine:entity/vampire","particle":"#0"},"elements":[{"from":[3.495,-6.0549994,6.6949997],"to":[12.505,7.955001,8.705],"faces":{"east":{"uv":[0.0,0.9375,0.25,2.6875],"tintindex":0,"rotation":0,"texture":"#0"},"south":{"uv":[5.75,6.5,6.875,8.25],"tintindex":0,"rotation":0,"texture":"#0"},"west":{"uv":[0.25,0.9375,0.5,2.6875],"tintindex":0,"rotation":0,"texture":"#0"},"up":{"uv":[1.625,1.1875,0.5,0.9375],"tintindex":0,"rotation":0,"texture":"#0"},"down":{"uv":[1.625,1.1875,0.5,1.4375],"tintindex":0,"rotation":0,"texture":"#0"}}}],"display":{"head":{"rotation":[0.0,0.0,0.0]},"firstperson_righthand":{"rotation":[0.0,0.0,0.0]},"thirdperson_lefthand":{"rotation":[0.0,-0.0,-0.0]},"firstperson_lefthand":{"rotation":[0.0,-0.0,-0.0]},"fixed":{"rotation":[0.0,0.0,0.0]},"ground":{"rotation":[0.0,0.0,0.0]},"thirdperson_righthand":{"rotation":[0.0,0.0,0.0]},"gui":{"rotation":[-150.0,-45.0,180.0]}}}