{"textures":{"0":"modelengine:entity/vampire","particle":"#0"},"elements":[{"from":[5.35,-1.4,5.35],"to":[11.15,7.4,10.15],"faces":{"east":{"uv":[2.1875,6.125,2.4375,6.5625],"tintindex":0,"rotation":0,"texture":"#0"},"south":{"uv":[4.1875,5.9375,4.5,6.375],"tintindex":0,"rotation":0,"texture":"#0"},"north":{"uv":[1.125,5.9375,1.4375,6.375],"tintindex":0,"rotation":0,"texture":"#0"},"west":{"uv":[2.4375,6.125,2.6875,6.5625],"tintindex":0,"rotation":0,"texture":"#0"},"up":{"uv":[6.625,0.5625,6.3125,0.3125],"tintindex":0,"rotation":0,"texture":"#0"},"down":{"uv":[0.9375,6.3125,0.625,6.5625],"tintindex":0,"rotation":0,"texture":"#0"}}},{"from":[5.55,-1.5000002,1.55],"to":[10.95,0.8999998,9.95],"faces":{"east":{"uv":[2.8125,0.5625,3.3125,0.6875],"tintindex":0,"rotation":0,"texture":"#0"},"south":{"uv":[5.9375,1.625,6.25,1.75],"tintindex":0,"rotation":0,"texture":"#0"},"north":{"uv":[5.5625,1.75,5.875,1.875],"tintindex":0,"rotation":0,"texture":"#0"},"west":{"uv":[6.3125,0.5625,6.8125,0.6875],"tintindex":0,"rotation":0,"texture":"#0"},"up":{"uv":[5.0,6.0625,4.6875,5.5625],"tintindex":0,"rotation":0,"texture":"#0"},"down":{"uv":[5.625,5.625,5.3125,6.125],"tintindex":0,"rotation":0,"texture":"#0"}}},{"from":[5.25,6.5,5.25],"to":[11.25,10.5,10.25],"faces":{"east":{"uv":[0.5,3.625,0.75,3.8125],"tintindex":0,"rotation":0,"texture":"#0"},"south":{"uv":[6.625,3.4375,6.9375,3.625],"tintindex":0,"rotation":0,"texture":"#0"},"north":{"uv":[6.625,3.25,6.9375,3.4375],"tintindex":0,"rotation":0,"texture":"#0"},"west":{"uv":[5.6875,5.4375,5.9375,5.625],"tintindex":0,"rotation":0,"texture":"#0"},"up":{"uv":[6.625,1.875,6.3125,1.625],"tintindex":0,"rotation":0,"texture":"#0"},"down":{"uv":[6.625,1.875,6.3125,2.125],"tintindex":0,"rotation":0,"texture":"#0"}}},{"from":[5.0,-1.6,6.55],"to":[11.200001,4.6,10.75],"faces":{"east":{"uv":[7.25,2.625,7.5,3.0],"tintindex":0,"rotation":0,"texture":"#0"},"south":{"uv":[7.0,3.0625,7.375,3.4375],"tintindex":0,"rotation":0,"texture":"#0"},"north":{"uv":[7.0,3.4375,7.375,3.8125],"tintindex":0,"rotation":0,"texture":"#0"},"west":{"uv":[7.0,2.625,7.25,3.0],"tintindex":0,"rotation":0,"texture":"#0"},"up":{"uv":[7.0,2.125,7.375,2.375],"tintindex":0,"rotation":0,"texture":"#0"},"down":{"uv":[7.0,2.375,7.375,2.625],"tintindex":0,"rotation":0,"texture":"#0"}}}],"display":{"head":{"rotation":[0.0,0.0,0.0]},"firstperson_righthand":{"rotation":[0.0,0.0,0.0]},"thirdperson_lefthand":{"rotation":[0.0,-0.0,-0.0]},"firstperson_lefthand":{"rotation":[0.0,-0.0,-0.0]},"fixed":{"rotation":[0.0,0.0,0.0]},"ground":{"rotation":[0.0,0.0,0.0]},"thirdperson_righthand":{"rotation":[0.0,0.0,0.0]},"gui":{"rotation":[-150.0,-45.0,180.0]}}}