{"textures":{"0":"modelengine:entity/vampire","particle":"#0"},"elements":[{"from":[3.79,15.29,3.04],"to":[7.21,18.46,10.46],"faces":{"east":{"uv":[6.25,1.125,6.6875,1.3125],"tintindex":0,"rotation":0,"texture":"#0"},"south":{"uv":[3.4375,5.625,3.625,5.8125],"tintindex":0,"rotation":0,"texture":"#0"},"north":{"uv":[4.875,0.9375,5.0625,1.125],"tintindex":0,"rotation":0,"texture":"#0"},"west":{"uv":[6.25,5.375,6.6875,5.5625],"tintindex":0,"rotation":0,"texture":"#0"},"up":{"uv":[1.9375,4.625,1.75,4.1875],"tintindex":0,"rotation":0,"texture":"#0"},"down":{"uv":[4.4375,5.3125,4.25,5.75],"tintindex":0,"rotation":0,"texture":"#0"}}},{"from":[8.44761,12.940001,2.40755],"to":[10.46761,13.960001,2.42755],"faces":{"south":{"uv":[1.125,0.4375,1.0,0.5],"tintindex":0,"rotation":0,"texture":"#0"},"north":{"uv":[1.125,0.375,1.0,0.4375],"tintindex":0,"rotation":0,"texture":"#0"}},"rotation":{"origin":[10.0,13.75,3.0],"angle":22.5,"axis":"z"}},{"from":[5.95,12.299999,6.45],"to":[5.95,21.3,15.45],"faces":{"west":{"uv":[1.9375,3.5625,2.5,4.125],"tintindex":0,"rotation":0,"texture":"#0"}}},{"from":[3.8938298,12.668911,7.64772],"to":[3.8938298,17.668911,11.64772],"faces":{"west":{"uv":[6.375,2.625,6.625,2.9375],"tintindex":0,"rotation":0,"texture":"#0"}},"rotation":{"origin":[8.0,14.350861,7.07163],"angle":-22.5,"axis":"y"}},{"from":[10.05,12.5,6.45],"to":[10.05,21.5,15.45],"faces":{"west":{"uv":[3.5625,0.0,4.125,0.5625],"tintindex":0,"rotation":0,"texture":"#0"}}},{"from":[3.8,11.3,3.95],"to":[12.2,17.45,11.349999],"faces":{"east":{"uv":[5.5625,4.5,6.0,4.875],"tintindex":0,"rotation":0,"texture":"#0"},"south":{"uv":[5.5,0.9375,6.0,1.3125],"tintindex":0,"rotation":0,"texture":"#0"},"north":{"uv":[5.125,3.25,5.625,3.625],"tintindex":0,"rotation":0,"texture":"#0"},"west":{"uv":[5.625,0.0,6.0625,0.375],"tintindex":0,"rotation":0,"texture":"#0"},"up":{"uv":[5.5625,1.875,5.0625,1.4375],"tintindex":0,"rotation":0,"texture":"#0"},"down":{"uv":[5.5625,4.6875,5.0625,5.125],"tintindex":0,"rotation":0,"texture":"#0"}}},{"from":[5.5323896,12.940001,2.40755],"to":[7.55239,13.960001,2.42755],"faces":{"south":{"uv":[1.0,0.4375,1.125,0.5],"tintindex":0,"rotation":0,"texture":"#0"},"north":{"uv":[1.0,0.375,1.125,0.4375],"tintindex":0,"rotation":0,"texture":"#0"}},"rotation":{"origin":[6.0,13.75,3.0],"angle":-22.5,"axis":"z"}},{"from":[8.003019,8.550001,2.4829001],"to":[11.20302,11.750002,6.6829],"faces":{"east":{"uv":[6.625,0.25,6.875,0.5],"tintindex":0,"rotation":0,"texture":"#0"},"south":{"uv":[3.4375,5.375,3.625,5.625],"tintindex":0,"rotation":0,"texture":"#0"},"north":{"uv":[2.75,5.3125,2.9375,5.5625],"tintindex":0,"rotation":0,"texture":"#0"},"west":{"uv":[6.625,1.3125,6.875,1.5625],"tintindex":0,"rotation":0,"texture":"#0"},"up":{"uv":[1.9375,6.4375,1.75,6.1875],"tintindex":0,"rotation":0,"texture":"#0"},"down":{"uv":[0.9375,6.5625,0.75,6.8125],"tintindex":0,"rotation":0,"texture":"#0"}},"rotation":{"origin":[8.95302,12.0,2.2329001],"angle":-22.5,"axis":"y"}},{"from":[3.9499998,11.299999,6.45],"to":[3.9499998,21.3,15.45],"faces":{"west":{"uv":[1.375,3.5625,1.9375,4.1875],"tintindex":0,"rotation":0,"texture":"#0"}}},{"from":[11.60617,12.668911,7.64772],"to":[12.606171,15.668911,9.64772],"faces":{"east":{"uv":[4.6875,5.3125,4.8125,5.5],"tintindex":0,"rotation":0,"texture":"#0"},"south":{"uv":[4.8125,2.8125,4.875,3.0],"tintindex":0,"rotation":0,"texture":"#0"},"north":{"uv":[4.0625,4.5,4.125,4.6875],"tintindex":0,"rotation":0,"texture":"#0"},"west":{"uv":[0.5,5.5,0.625,5.6875],"tintindex":0,"rotation":0,"texture":"#0"},"up":{"uv":[3.375,0.6875,3.3125,0.5625],"tintindex":0,"rotation":0,"texture":"#0"},"down":{"uv":[3.4375,0.5625,3.375,0.6875],"tintindex":0,"rotation":0,"texture":"#0"}},"rotation":{"origin":[8.0,14.350861,7.07163],"angle":22.5,"axis":"y"}},{"from":[8.0,11.75,2.5],"to":[12.0,16.75,6.5],"faces":{"east":{"uv":[2.75,1.25,3.0,1.5625],"tintindex":0,"rotation":0,"texture":"#0"},"south":{"uv":[1.375,3.25,1.625,3.5625],"tintindex":0,"rotation":0,"texture":"#0"},"north":{"uv":[1.625,2.6875,1.875,3.0],"tintindex":0,"rotation":0,"texture":"#0"},"west":{"uv":[1.125,3.8125,1.375,4.125],"tintindex":0,"rotation":0,"texture":"#0"},"up":{"uv":[0.75,6.8125,0.5,6.5625],"tintindex":0,"rotation":0,"texture":"#0"},"down":{"uv":[2.6875,6.5625,2.4375,6.8125],"tintindex":0,"rotation":0,"texture":"#0"}},"rotation":{"origin":[9.0,12.0,2.25],"angle":-22.5,"axis":"y"}},{"from":[4.0,9.5,5.0],"to":[12.0,17.5,7.0],"faces":{"east":{"uv":[2.5,3.5,2.625,4.0],"tintindex":0,"rotation":0,"texture":"#0"},"south":{"uv":[0.3125,4.25,0.8125,4.75],"tintindex":0,"rotation":0,"texture":"#0"},"north":{"uv":[4.125,0.0,4.625,0.5],"tintindex":0,"rotation":0,"texture":"#0"},"west":{"uv":[4.0,6.5,4.125,7.0],"tintindex":0,"rotation":0,"texture":"#0"},"up":{"uv":[7.0,4.4375,6.5,4.3125],"tintindex":0,"rotation":0,"texture":"#0"},"down":{"uv":[2.4375,6.5625,1.9375,6.6875],"tintindex":0,"rotation":0,"texture":"#0"}}},{"from":[4.9,6.9,3.9],"to":[11.1,16.85,11.1],"faces":{"east":{"uv":[1.9375,4.125,2.375,4.75],"tintindex":0,"rotation":0,"texture":"#0"},"south":{"uv":[2.125,4.75,2.5,5.375],"tintindex":0,"rotation":0,"texture":"#0"},"north":{"uv":[1.75,4.75,2.125,5.375],"tintindex":0,"rotation":0,"texture":"#0"},"west":{"uv":[2.375,4.125,2.8125,4.75],"tintindex":0,"rotation":0,"texture":"#0"},"up":{"uv":[5.875,4.5,5.5,4.0625],"tintindex":0,"rotation":0,"texture":"#0"},"down":{"uv":[5.9375,1.3125,5.5625,1.75],"tintindex":0,"rotation":0,"texture":"#0"}}},{"from":[5.5,12.25,-0.39999962],"to":[5.5,18.25,4.6],"faces":{"east":{"uv":[6.0,0.375,6.3125,0.75],"tintindex":0,"rotation":0,"texture":"#0"}}},{"from":[3.99,11.74,2.49],"to":[8.01,16.76,6.51],"faces":{"east":{"uv":[0.9375,6.375,1.1875,6.6875],"tintindex":0,"rotation":0,"texture":"#0"},"south":{"uv":[1.1875,6.375,1.4375,6.6875],"tintindex":0,"rotation":0,"texture":"#0"},"north":{"uv":[6.375,0.0,6.625,0.3125],"tintindex":0,"rotation":0,"texture":"#0"},"west":{"uv":[6.375,1.3125,6.625,1.625],"tintindex":0,"rotation":0,"texture":"#0"},"up":{"uv":[3.1875,6.8125,2.9375,6.5625],"tintindex":0,"rotation":0,"texture":"#0"},"down":{"uv":[6.8125,5.5625,6.5625,5.8125],"tintindex":0,"rotation":0,"texture":"#0"}},"rotation":{"origin":[7.0,12.0,2.25],"angle":22.5,"axis":"y"}},{"from":[4.79,8.520001,2.49],"to":[8.01,11.740001,6.71],"faces":{"east":{"uv":[6.5625,5.8125,6.8125,6.0625],"tintindex":0,"rotation":0,"texture":"#0"},"south":{"uv":[0.625,4.75,0.8125,5.0],"tintindex":0,"rotation":0,"texture":"#0"},"north":{"uv":[3.375,2.625,3.5625,2.875],"tintindex":0,"rotation":0,"texture":"#0"},"west":{"uv":[6.625,0.0,6.875,0.25],"tintindex":0,"rotation":0,"texture":"#0"},"up":{"uv":[4.0625,5.1875,3.875,4.9375],"tintindex":0,"rotation":0,"texture":"#0"},"down":{"uv":[1.75,5.0,1.5625,5.25],"tintindex":0,"rotation":0,"texture":"#0"}},"rotation":{"origin":[7.0,11.880001,2.25],"angle":22.5,"axis":"y"}},{"from":[12.05,10.5,6.45],"to":[12.05,21.5,15.45],"faces":{"west":{"uv":[3.0,3.0,3.5625,3.6875],"tintindex":0,"rotation":0,"texture":"#0"}}},{"from":[12.106171,12.668911,7.64772],"to":[12.106171,17.668911,11.64772],"faces":{"east":{"uv":[4.1875,6.375,4.4375,6.6875],"tintindex":0,"rotation":0,"texture":"#0"}},"rotation":{"origin":[8.0,14.350861,7.07163],"angle":22.5,"axis":"y"}},{"from":[7.95,10.5,3.4499998],"to":[7.95,21.5,16.45],"faces":{"west":{"uv":[2.0,0.0,2.8125,0.6875],"tintindex":0,"rotation":0,"texture":"#0"}}},{"from":[3.3938298,12.668911,7.64772],"to":[4.3938303,15.668911,9.64772],"faces":{"east":{"uv":[4.375,2.4375,4.5,2.625],"tintindex":0,"rotation":0,"texture":"#0"},"south":{"uv":[4.0625,4.3125,4.125,4.5],"tintindex":0,"rotation":0,"texture":"#0"},"north":{"uv":[3.5,3.6875,3.5625,3.875],"tintindex":0,"rotation":0,"texture":"#0"},"west":{"uv":[4.6875,5.125,4.8125,5.3125],"tintindex":0,"rotation":0,"texture":"#0"},"up":{"uv":[0.8125,3.25,0.75,3.125],"tintindex":0,"rotation":0,"texture":"#0"},"down":{"uv":[0.875,3.125,0.8125,3.25],"tintindex":0,"rotation":0,"texture":"#0"}},"rotation":{"origin":[8.0,14.350861,7.07163],"angle":-22.5,"axis":"y"}},{"from":[3.81,7.56,5.06],"to":[12.19,16.69,12.44],"faces":{"east":{"uv":[2.8125,4.25,3.25,4.8125],"tintindex":0,"rotation":0,"texture":"#0"},"south":{"uv":[3.0,3.6875,3.5,4.25],"tintindex":0,"rotation":0,"texture":"#0"},"north":{"uv":[0.0,3.625,0.5,4.1875],"tintindex":0,"rotation":0,"texture":"#0"},"west":{"uv":[3.25,4.3125,3.6875,4.875],"tintindex":0,"rotation":0,"texture":"#0"},"up":{"uv":[5.625,0.4375,5.125,0.0],"tintindex":0,"rotation":0,"texture":"#0"},"down":{"uv":[5.625,2.8125,5.125,3.25],"tintindex":0,"rotation":0,"texture":"#0"}}},{"from":[4.14194,13.0924,0.0],"to":[4.14194,18.0924,5.0],"faces":{"west":{"uv":[3.875,6.1875,4.1875,6.5],"tintindex":0,"rotation":0,"texture":"#0"}},"rotation":{"origin":[4.14194,15.5924,2.5],"angle":-22.5,"axis":"z"}}],"display":{"head":{"rotation":[0.0,0.0,0.0]},"firstperson_righthand":{"rotation":[0.0,0.0,0.0]},"thirdperson_lefthand":{"rotation":[0.0,-0.0,-0.0]},"firstperson_lefthand":{"rotation":[0.0,-0.0,-0.0]},"fixed":{"rotation":[0.0,0.0,0.0]},"ground":{"rotation":[0.0,0.0,0.0]},"thirdperson_righthand":{"rotation":[0.0,0.0,0.0]},"gui":{"rotation":[-150.0,-45.0,180.0]}}}