{"textures":{"0":"modelengine:entity/vampire","particle":"#0"},"elements":[{"from":[3.6623,-7.1875196,6.4910703],"to":[8.862301,6.0124793,10.691071],"faces":{"east":{"uv":[5.3125,5.125,5.0625,5.9375],"tintindex":0,"rotation":0,"texture":"#0"},"south":{"uv":[0.3125,4.1875,0.0,5.0],"tintindex":0,"rotation":0,"texture":"#0"},"north":{"uv":[4.4375,3.875,4.125,4.6875],"tintindex":0,"rotation":0,"texture":"#0"},"west":{"uv":[4.6875,5.125,4.4375,5.9375],"tintindex":0,"rotation":0,"texture":"#0"},"up":{"uv":[6.25,5.8125,6.5625,5.5625],"tintindex":0,"rotation":0,"texture":"#0"},"down":{"uv":[6.1875,6.25,6.5,6.5],"tintindex":0,"rotation":0,"texture":"#0"}}},{"from":[3.6999998,-1.5,4.9],"to":[10.74,8.948,12.644],"faces":{"south":{"uv":[4.5,0.5625,4.0625,1.1875],"tintindex":0,"rotation":0,"texture":"#0"},"north":{"uv":[4.375,2.0,3.9375,2.625],"tintindex":0,"rotation":0,"texture":"#0"},"west":{"uv":[4.0625,2.625,3.5625,3.25],"tintindex":0,"rotation":0,"texture":"#0"},"up":{"uv":[1.125,5.5,1.5625,5.0],"tintindex":0,"rotation":0,"texture":"#0"},"down":{"uv":[5.0625,0.9375,5.5,1.4375],"tintindex":0,"rotation":0,"texture":"#0"}},"rotation":{"origin":[6.97093,7.2611294,8.09207],"angle":-22.5,"axis":"z"}},{"from":[3.0123,-3.3375206,5.59107],"to":[9.0123005,6.6624794,11.59107],"faces":{"east":{"uv":[4.8125,3.875,4.4375,4.5],"tintindex":0,"rotation":0,"texture":"#0"},"south":{"uv":[4.75,1.8125,4.375,2.4375],"tintindex":0,"rotation":0,"texture":"#0"},"north":{"uv":[4.0625,4.3125,3.6875,4.9375],"tintindex":0,"rotation":0,"texture":"#0"},"west":{"uv":[4.75,1.1875,4.375,1.8125],"tintindex":0,"rotation":0,"texture":"#0"},"up":{"uv":[2.75,6.0625,3.125,5.6875],"tintindex":0,"rotation":0,"texture":"#0"},"down":{"uv":[5.6875,5.0625,6.0625,5.4375],"tintindex":0,"rotation":0,"texture":"#0"}}}],"display":{"head":{"rotation":[0.0,0.0,0.0]},"firstperson_righthand":{"rotation":[0.0,0.0,0.0]},"thirdperson_lefthand":{"rotation":[0.0,-0.0,-0.0]},"firstperson_lefthand":{"rotation":[0.0,-0.0,-0.0]},"fixed":{"rotation":[0.0,0.0,0.0]},"ground":{"rotation":[0.0,0.0,0.0]},"thirdperson_righthand":{"rotation":[0.0,0.0,0.0]},"gui":{"rotation":[-150.0,-45.0,180.0]}}}