{"textures":{"0":"modelengine:entity/vampire","particle":"#0"},"elements":[{"from":[2.6891503,-7.234319,6.4],"to":[6.88915,6.9656806,10.6],"faces":{"east":{"uv":[5.125,2.8125,4.875,3.6875],"tintindex":0,"rotation":0,"texture":"#0"},"south":{"uv":[5.0625,4.6875,4.8125,5.5625],"tintindex":0,"rotation":0,"texture":"#0"},"north":{"uv":[3.1875,4.8125,2.9375,5.6875],"tintindex":0,"rotation":0,"texture":"#0"},"west":{"uv":[5.0625,3.8125,4.8125,4.6875],"tintindex":0,"rotation":0,"texture":"#0"},"up":{"uv":[5.625,3.625,5.875,3.375],"tintindex":0,"rotation":0,"texture":"#0"},"down":{"uv":[5.0,6.375,5.25,6.625],"tintindex":0,"rotation":0,"texture":"#0"}}},{"from":[0.19999999,3.7,4.7],"to":[7.8,9.3,12.3],"faces":{"east":{"uv":[1.75,1.75,1.3125,2.0625],"tintindex":0,"rotation":0,"texture":"#0"},"south":{"uv":[1.3125,1.75,0.875,2.0625],"tintindex":0,"rotation":0,"texture":"#0"},"north":{"uv":[1.3125,1.4375,0.875,1.75],"tintindex":0,"rotation":0,"texture":"#0"},"west":{"uv":[1.75,1.4375,1.3125,1.75],"tintindex":0,"rotation":0,"texture":"#0"},"up":{"uv":[1.0,0.9375,1.4375,0.5],"tintindex":0,"rotation":0,"texture":"#0"},"down":{"uv":[1.4375,0.375,1.875,0.8125],"tintindex":0,"rotation":0,"texture":"#0"}}},{"from":[1.4891503,0.06568068,5.7],"to":[7.0891504,5.665681,11.3],"faces":{"east":{"uv":[2.0625,1.8125,1.75,2.125],"tintindex":0,"rotation":0,"texture":"#0"},"south":{"uv":[2.0625,1.5,1.75,1.8125],"tintindex":0,"rotation":0,"texture":"#0"},"north":{"uv":[1.9375,0.8125,1.625,1.125],"tintindex":0,"rotation":0,"texture":"#0"},"west":{"uv":[1.9375,1.125,1.625,1.4375],"tintindex":0,"rotation":0,"texture":"#0"},"up":{"uv":[0.875,2.375,1.1875,2.0625],"tintindex":0,"rotation":0,"texture":"#0"},"down":{"uv":[1.1875,2.0625,1.5,2.375],"tintindex":0,"rotation":0,"texture":"#0"}}}],"display":{"head":{"rotation":[0.0,0.0,0.0]},"firstperson_righthand":{"rotation":[0.0,0.0,0.0]},"thirdperson_lefthand":{"rotation":[0.0,-0.0,-0.0]},"firstperson_lefthand":{"rotation":[0.0,-0.0,-0.0]},"fixed":{"rotation":[0.0,0.0,0.0]},"ground":{"rotation":[0.0,0.0,0.0]},"thirdperson_righthand":{"rotation":[0.0,0.0,0.0]},"gui":{"rotation":[-150.0,-45.0,180.0]}}}