{"textures":{"0":"modelengine:entity/vampire","particle":"#0"},"elements":[{"from":[5.75,-4.0,7.0],"to":[10.75,8.0,11.0],"faces":{"east":{"uv":[2.4375,5.375,2.1875,6.125],"tintindex":0,"rotation":0,"texture":"#0"},"south":{"uv":[4.8125,2.4375,4.5,3.1875],"tintindex":0,"rotation":0,"texture":"#0"},"north":{"uv":[1.125,4.25,0.8125,5.0],"tintindex":0,"rotation":0,"texture":"#0"},"west":{"uv":[2.1875,5.375,1.9375,6.125],"tintindex":0,"rotation":0,"texture":"#0"},"up":{"uv":[0.0,6.5625,0.3125,6.3125],"tintindex":0,"rotation":0,"texture":"#0"},"down":{"uv":[0.3125,6.3125,0.625,6.5625],"tintindex":0,"rotation":0,"texture":"#0"}}}],"display":{"head":{"rotation":[0.0,0.0,0.0]},"firstperson_righthand":{"rotation":[0.0,0.0,0.0]},"thirdperson_lefthand":{"rotation":[0.0,-0.0,-0.0]},"firstperson_lefthand":{"rotation":[0.0,-0.0,-0.0]},"fixed":{"rotation":[0.0,0.0,0.0]},"ground":{"rotation":[0.0,0.0,0.0]},"thirdperson_righthand":{"rotation":[0.0,0.0,0.0]},"gui":{"rotation":[-150.0,-45.0,180.0]}}}