{"textures":{"0":"modelengine:entity/vampire","particle":"#0"},"elements":[{"from":[7.15,-7.1,6.9],"to":[12.35,6.1,11.1],"faces":{"east":{"uv":[4.4375,5.125,4.6875,5.9375],"tintindex":0,"rotation":0,"texture":"#0"},"south":{"uv":[0.0,4.1875,0.3125,5.0],"tintindex":0,"rotation":0,"texture":"#0"},"north":{"uv":[4.125,3.875,4.4375,4.6875],"tintindex":0,"rotation":0,"texture":"#0"},"west":{"uv":[5.0625,5.125,5.3125,5.9375],"tintindex":0,"rotation":0,"texture":"#0"},"up":{"uv":[6.5625,5.8125,6.25,5.5625],"tintindex":0,"rotation":0,"texture":"#0"},"down":{"uv":[6.5,6.25,6.1875,6.5],"tintindex":0,"rotation":0,"texture":"#0"}}},{"from":[7.0,-3.25,6.0],"to":[13.0,6.75,12.0],"faces":{"east":{"uv":[4.375,1.1875,4.75,1.8125],"tintindex":0,"rotation":0,"texture":"#0"},"south":{"uv":[4.375,1.8125,4.75,2.4375],"tintindex":0,"rotation":0,"texture":"#0"},"north":{"uv":[3.6875,4.3125,4.0625,4.9375],"tintindex":0,"rotation":0,"texture":"#0"},"west":{"uv":[4.4375,3.875,4.8125,4.5],"tintindex":0,"rotation":0,"texture":"#0"},"up":{"uv":[3.125,6.0625,2.75,5.6875],"tintindex":0,"rotation":0,"texture":"#0"},"down":{"uv":[6.0625,5.0625,5.6875,5.4375],"tintindex":0,"rotation":0,"texture":"#0"}}},{"from":[5.6,-1.7000008,5.0],"to":[12.639999,8.747999,12.7439995],"faces":{"east":{"uv":[3.5625,2.625,4.0625,3.25],"tintindex":0,"rotation":0,"texture":"#0"},"south":{"uv":[4.0625,0.5625,4.5,1.1875],"tintindex":0,"rotation":0,"texture":"#0"},"north":{"uv":[3.9375,2.0,4.375,2.625],"tintindex":0,"rotation":0,"texture":"#0"},"up":{"uv":[1.5625,5.5,1.125,5.0],"tintindex":0,"rotation":0,"texture":"#0"},"down":{"uv":[5.5,0.9375,5.0625,1.4375],"tintindex":0,"rotation":0,"texture":"#0"}},"rotation":{"origin":[9.04137,7.34865,8.501],"angle":22.5,"axis":"z"}}],"display":{"head":{"rotation":[0.0,0.0,0.0]},"firstperson_righthand":{"rotation":[0.0,0.0,0.0]},"thirdperson_lefthand":{"rotation":[0.0,-0.0,-0.0]},"firstperson_lefthand":{"rotation":[0.0,-0.0,-0.0]},"fixed":{"rotation":[0.0,0.0,0.0]},"ground":{"rotation":[0.0,0.0,0.0]},"thirdperson_righthand":{"rotation":[0.0,0.0,0.0]},"gui":{"rotation":[-150.0,-45.0,180.0]}}}