{"textures":{"0":"modelengine:entity/egyptian_boss","particle":"#0"},"elements":[{"from":[5.0,7.285681,3.8404598],"to":[11.0,16.28568,11.84046],"faces":{"east":{"uv":[3.0625,7.9375,3.5,8.4375],"tintindex":0,"rotation":0,"texture":"#0"},"south":{"uv":[4.25,7.9375,4.5625,8.4375],"tintindex":0,"rotation":0,"texture":"#0"},"north":{"uv":[3.5,7.9375,3.8125,8.4375],"tintindex":0,"rotation":0,"texture":"#0"},"west":{"uv":[3.8125,7.9375,4.25,8.4375],"tintindex":0,"rotation":0,"texture":"#0"},"up":{"uv":[3.8125,7.9375,3.5,7.5],"tintindex":0,"rotation":0,"texture":"#0"},"down":{"uv":[4.125,7.5,3.8125,7.9375],"tintindex":0,"rotation":0,"texture":"#0"}}}],"display":{"head":{"rotation":[0.0,0.0,0.0]},"firstperson_righthand":{"rotation":[0.0,0.0,0.0]},"thirdperson_lefthand":{"rotation":[0.0,-0.0,-0.0]},"firstperson_lefthand":{"rotation":[0.0,-0.0,-0.0]},"fixed":{"rotation":[0.0,0.0,0.0]},"ground":{"rotation":[0.0,0.0,0.0]},"thirdperson_righthand":{"rotation":[0.0,0.0,0.0]},"gui":{"rotation":[-150.0,-45.0,180.0]}}}