{"textures":{"0":"modelengine:entity/egyptian_boss","particle":"#0"},"elements":[{"from":[-0.01111,-6.9666705,7.98889],"to":[16.01111,8.05555,8.01111],"faces":{"south":{"uv":[13.9375,4.9375,14.9375,5.875],"tintindex":0,"rotation":0,"texture":"#0"},"north":{"uv":[12.9375,4.9375,13.9375,5.875],"tintindex":0,"rotation":0,"texture":"#0"}}}],"display":{"head":{"rotation":[0.0,0.0,0.0]},"firstperson_righthand":{"rotation":[0.0,0.0,0.0]},"thirdperson_lefthand":{"rotation":[0.0,-0.0,-0.0]},"firstperson_lefthand":{"rotation":[0.0,-0.0,-0.0]},"fixed":{"rotation":[0.0,0.0,0.0]},"ground":{"rotation":[0.0,0.0,0.0]},"thirdperson_righthand":{"rotation":[0.0,0.0,0.0]},"gui":{"rotation":[-150.0,-45.0,180.0]}}}