{"textures":{"0":"modelengine:entity/egyptian_boss","particle":"#0"},"elements":[{"from":[-0.043714523,-0.93579483,29.440025],"to":[2.956285,7.064205,30.940025],"faces":{"east":{"uv":[7.1875,13.125,7.375,14.125],"tintindex":0,"rotation":0,"texture":"#0"},"south":{"uv":[7.9375,13.125,8.3125,14.125],"tintindex":0,"rotation":0,"texture":"#0"},"north":{"uv":[7.375,13.125,7.75,14.125],"tintindex":0,"rotation":0,"texture":"#0"},"west":{"uv":[7.75,13.125,7.9375,14.125],"tintindex":0,"rotation":0,"texture":"#0"},"up":{"uv":[7.75,13.125,7.375,12.9375],"tintindex":0,"rotation":0,"texture":"#0"},"down":{"uv":[8.125,12.9375,7.75,13.125],"tintindex":0,"rotation":0,"texture":"#0"}}}],"display":{"head":{"rotation":[0.0,0.0,0.0]},"firstperson_righthand":{"rotation":[0.0,0.0,0.0]},"thirdperson_lefthand":{"rotation":[0.0,-0.0,-0.0]},"firstperson_lefthand":{"rotation":[0.0,-0.0,-0.0]},"fixed":{"rotation":[0.0,0.0,0.0]},"ground":{"rotation":[0.0,0.0,0.0]},"thirdperson_righthand":{"rotation":[0.0,0.0,0.0]},"gui":{"rotation":[-150.0,-45.0,180.0]}}}