{"textures":{"0":"modelengine:entity/egyptian_boss","particle":"#0"},"elements":[{"from":[3.6755896,2.237278,-4.0],"to":[11.67559,15.237278,8.0],"faces":{"east":{"uv":[8.5,11.5625,9.25,12.375],"tintindex":0,"rotation":0,"texture":"#0"},"south":{"uv":[10.5,11.5625,11.0,12.375],"tintindex":0,"rotation":0,"texture":"#0"},"north":{"uv":[9.25,11.5625,9.75,12.375],"tintindex":0,"rotation":0,"texture":"#0"},"west":{"uv":[9.75,11.5625,10.5,12.375],"tintindex":0,"rotation":0,"texture":"#0"},"up":{"uv":[9.75,11.5625,9.25,10.8125],"tintindex":0,"rotation":0,"texture":"#0"},"down":{"uv":[10.25,10.8125,9.75,11.5625],"tintindex":0,"rotation":0,"texture":"#0"}}}],"display":{"head":{"rotation":[0.0,0.0,0.0]},"firstperson_righthand":{"rotation":[0.0,0.0,0.0]},"thirdperson_lefthand":{"rotation":[0.0,-0.0,-0.0]},"firstperson_lefthand":{"rotation":[0.0,-0.0,-0.0]},"fixed":{"rotation":[0.0,0.0,0.0]},"ground":{"rotation":[0.0,0.0,0.0]},"thirdperson_righthand":{"rotation":[0.0,0.0,0.0]},"gui":{"rotation":[-150.0,-45.0,180.0]}}}