{"textures":{"0":"modelengine:entity/egyptian_boss","particle":"#0"},"elements":[{"from":[4.32441,-0.762722,-4.0],"to":[14.32441,15.237278,8.0],"faces":{"east":{"uv":[3.0,11.125,3.75,12.125],"tintindex":0,"rotation":0,"texture":"#0"},"south":{"uv":[5.125,11.125,5.75,12.125],"tintindex":0,"rotation":0,"texture":"#0"},"north":{"uv":[3.75,11.125,4.375,12.125],"tintindex":0,"rotation":0,"texture":"#0"},"west":{"uv":[4.375,11.125,5.125,12.125],"tintindex":0,"rotation":0,"texture":"#0"},"up":{"uv":[4.375,11.125,3.75,10.375],"tintindex":0,"rotation":0,"texture":"#0"},"down":{"uv":[5.0,10.375,4.375,11.125],"tintindex":0,"rotation":0,"texture":"#0"}}}],"display":{"head":{"rotation":[0.0,0.0,0.0]},"firstperson_righthand":{"rotation":[0.0,0.0,0.0]},"thirdperson_lefthand":{"rotation":[0.0,-0.0,-0.0]},"firstperson_lefthand":{"rotation":[0.0,-0.0,-0.0]},"fixed":{"rotation":[0.0,0.0,0.0]},"ground":{"rotation":[0.0,0.0,0.0]},"thirdperson_righthand":{"rotation":[0.0,0.0,0.0]},"gui":{"rotation":[-150.0,-45.0,180.0]}}}