{"textures":{"0":"modelengine:entity/egyptian_boss","particle":"#0"},"elements":[{"from":[6.0,-1.25,5.5],"to":[10.0,2.75,10.5],"faces":{"east":{"uv":[9.625,2.0,9.9375,2.25],"tintindex":0,"rotation":0,"texture":"#0"},"south":{"uv":[10.5,2.0,10.75,2.25],"tintindex":0,"rotation":0,"texture":"#0"},"north":{"uv":[9.9375,2.0,10.1875,2.25],"tintindex":0,"rotation":0,"texture":"#0"},"west":{"uv":[10.1875,2.0,10.5,2.25],"tintindex":0,"rotation":0,"texture":"#0"},"up":{"uv":[10.1875,2.0,9.9375,1.6875],"tintindex":0,"rotation":0,"texture":"#0"},"down":{"uv":[10.4375,1.6875,10.1875,2.0],"tintindex":0,"rotation":0,"texture":"#0"}}},{"from":[4.0,2.75,3.5],"to":[12.0,7.75,12.5],"faces":{"east":{"uv":[7.125,3.0625,7.6875,3.375],"tintindex":0,"rotation":0,"texture":"#0"},"south":{"uv":[8.75,3.0625,9.25,3.375],"tintindex":0,"rotation":0,"texture":"#0"},"north":{"uv":[7.6875,3.0625,8.1875,3.375],"tintindex":0,"rotation":0,"texture":"#0"},"west":{"uv":[8.1875,3.0625,8.75,3.375],"tintindex":0,"rotation":0,"texture":"#0"},"up":{"uv":[8.1875,3.0625,7.6875,2.5],"tintindex":0,"rotation":0,"texture":"#0"},"down":{"uv":[8.6875,2.5,8.1875,3.0625],"tintindex":0,"rotation":0,"texture":"#0"}}}],"display":{"head":{"rotation":[0.0,0.0,0.0]},"firstperson_righthand":{"rotation":[0.0,0.0,0.0]},"thirdperson_lefthand":{"rotation":[0.0,-0.0,-0.0]},"firstperson_lefthand":{"rotation":[0.0,-0.0,-0.0]},"fixed":{"rotation":[0.0,0.0,0.0]},"ground":{"rotation":[0.0,0.0,0.0]},"thirdperson_righthand":{"rotation":[0.0,0.0,0.0]},"gui":{"rotation":[-150.0,-45.0,180.0]}}}