{"textures":{"0":"modelengine:entity/egyptian_boss","particle":"#0"},"elements":[{"from":[-1.4000015,-10.0,2.2444391],"to":[3.7999992,-4.0,8.244439],"faces":{"east":{"uv":[12.875,1.25,13.25,1.625],"tintindex":0,"rotation":0,"texture":"#0"},"south":{"uv":[13.9375,1.25,14.25,1.625],"tintindex":0,"rotation":0,"texture":"#0"},"north":{"uv":[13.25,1.25,13.5625,1.625],"tintindex":0,"rotation":0,"texture":"#0"},"west":{"uv":[13.5625,1.25,13.9375,1.625],"tintindex":0,"rotation":0,"texture":"#0"},"up":{"uv":[13.5625,1.25,13.25,0.875],"tintindex":0,"rotation":0,"texture":"#0"},"down":{"uv":[13.875,0.875,13.5625,1.25],"tintindex":0,"rotation":0,"texture":"#0"}}},{"from":[5.6000004,-10.0,2.2444391],"to":[10.799999,-4.0,8.244439],"faces":{"east":{"uv":[3.125,13.4375,3.5,13.8125],"tintindex":0,"rotation":0,"texture":"#0"},"south":{"uv":[4.1875,13.4375,4.5,13.8125],"tintindex":0,"rotation":0,"texture":"#0"},"north":{"uv":[3.5,13.4375,3.8125,13.8125],"tintindex":0,"rotation":0,"texture":"#0"},"west":{"uv":[3.8125,13.4375,4.1875,13.8125],"tintindex":0,"rotation":0,"texture":"#0"},"up":{"uv":[3.8125,13.4375,3.5,13.0625],"tintindex":0,"rotation":0,"texture":"#0"},"down":{"uv":[4.125,13.0625,3.8125,13.4375],"tintindex":0,"rotation":0,"texture":"#0"}}},{"from":[12.6,-10.0,2.2444391],"to":[17.6,-4.0,8.244439],"faces":{"east":{"uv":[8.3125,13.625,8.6875,14.0],"tintindex":0,"rotation":0,"texture":"#0"},"south":{"uv":[9.375,13.625,9.6875,14.0],"tintindex":0,"rotation":0,"texture":"#0"},"north":{"uv":[8.6875,13.625,9.0,14.0],"tintindex":0,"rotation":0,"texture":"#0"},"west":{"uv":[9.0,13.625,9.375,14.0],"tintindex":0,"rotation":0,"texture":"#0"},"up":{"uv":[9.0,13.625,8.6875,13.25],"tintindex":0,"rotation":0,"texture":"#0"},"down":{"uv":[9.3125,13.25,9.0,13.625],"tintindex":0,"rotation":0,"texture":"#0"}}},{"from":[12.6,-10.0,12.24444],"to":[17.6,-4.0,18.244438],"faces":{"east":{"uv":[13.0625,8.6875,13.4375,9.0625],"tintindex":0,"rotation":0,"texture":"#0"},"south":{"uv":[14.125,8.6875,14.4375,9.0625],"tintindex":0,"rotation":0,"texture":"#0"},"north":{"uv":[13.4375,8.6875,13.75,9.0625],"tintindex":0,"rotation":0,"texture":"#0"},"west":{"uv":[13.75,8.6875,14.125,9.0625],"tintindex":0,"rotation":0,"texture":"#0"},"up":{"uv":[13.75,8.6875,13.4375,8.3125],"tintindex":0,"rotation":0,"texture":"#0"},"down":{"uv":[14.0625,8.3125,13.75,8.6875],"tintindex":0,"rotation":0,"texture":"#0"}}},{"from":[-3.0,-4.0,2.2444391],"to":[19.0,8.0,18.244438],"faces":{"east":{"uv":[4.875,1.75,5.875,2.5],"tintindex":0,"rotation":0,"texture":"#0"},"south":{"uv":[8.25,1.75,9.625,2.5],"tintindex":0,"rotation":0,"texture":"#0"},"north":{"uv":[5.875,1.75,7.25,2.5],"tintindex":0,"rotation":0,"texture":"#0"},"west":{"uv":[7.25,1.75,8.25,2.5],"tintindex":0,"rotation":0,"texture":"#0"},"up":{"uv":[7.25,1.75,5.875,0.75],"tintindex":0,"rotation":0,"texture":"#0"},"down":{"uv":[8.625,0.75,7.25,1.75],"tintindex":0,"rotation":0,"texture":"#0"}}}],"display":{"head":{"rotation":[0.0,0.0,0.0]},"firstperson_righthand":{"rotation":[0.0,0.0,0.0]},"thirdperson_lefthand":{"rotation":[0.0,-0.0,-0.0]},"firstperson_lefthand":{"rotation":[0.0,-0.0,-0.0]},"fixed":{"rotation":[0.0,0.0,0.0]},"ground":{"rotation":[0.0,0.0,0.0]},"thirdperson_righthand":{"rotation":[0.0,0.0,0.0]},"gui":{"rotation":[-150.0,-45.0,180.0]}}}