{"textures":{"0":"modelengine:entity/egyptian_boss","particle":"#0"},"elements":[{"from":[5.200001,-10.0,2.24444],"to":[10.4,-4.0,8.24444],"faces":{"east":{"uv":[11.0625,13.6875,11.4375,14.0625],"tintindex":0,"rotation":0,"texture":"#0"},"south":{"uv":[12.125,13.6875,12.4375,14.0625],"tintindex":0,"rotation":0,"texture":"#0"},"north":{"uv":[11.4375,13.6875,11.75,14.0625],"tintindex":0,"rotation":0,"texture":"#0"},"west":{"uv":[11.75,13.6875,12.125,14.0625],"tintindex":0,"rotation":0,"texture":"#0"},"up":{"uv":[11.75,13.6875,11.4375,13.3125],"tintindex":0,"rotation":0,"texture":"#0"},"down":{"uv":[12.0625,13.3125,11.75,13.6875],"tintindex":0,"rotation":0,"texture":"#0"}}},{"from":[12.200001,-10.0,2.24444],"to":[17.400002,-4.0,8.24444],"faces":{"east":{"uv":[9.6875,13.625,10.0625,14.0],"tintindex":0,"rotation":0,"texture":"#0"},"south":{"uv":[10.75,13.625,11.0625,14.0],"tintindex":0,"rotation":0,"texture":"#0"},"north":{"uv":[10.0625,13.625,10.375,14.0],"tintindex":0,"rotation":0,"texture":"#0"},"west":{"uv":[10.375,13.625,10.75,14.0],"tintindex":0,"rotation":0,"texture":"#0"},"up":{"uv":[10.375,13.625,10.0625,13.25],"tintindex":0,"rotation":0,"texture":"#0"},"down":{"uv":[10.6875,13.25,10.375,13.625],"tintindex":0,"rotation":0,"texture":"#0"}}},{"from":[-1.6000004,-10.0,12.24444],"to":[3.3999996,-4.0,18.24444],"faces":{"east":{"uv":[4.5,13.75,4.875,14.125],"tintindex":0,"rotation":0,"texture":"#0"},"south":{"uv":[5.5625,13.75,5.875,14.125],"tintindex":0,"rotation":0,"texture":"#0"},"north":{"uv":[4.875,13.75,5.1875,14.125],"tintindex":0,"rotation":0,"texture":"#0"},"west":{"uv":[5.1875,13.75,5.5625,14.125],"tintindex":0,"rotation":0,"texture":"#0"},"up":{"uv":[5.1875,13.75,4.875,13.375],"tintindex":0,"rotation":0,"texture":"#0"},"down":{"uv":[5.5,13.375,5.1875,13.75],"tintindex":0,"rotation":0,"texture":"#0"}}},{"from":[-3.0,-4.0,2.24444],"to":[19.0,8.0,18.24444],"faces":{"east":{"uv":[0.0,6.75,1.0,7.5],"tintindex":0,"rotation":0,"texture":"#0"},"south":{"uv":[3.375,6.75,4.75,7.5],"tintindex":0,"rotation":0,"texture":"#0"},"north":{"uv":[1.0,6.75,2.375,7.5],"tintindex":0,"rotation":0,"texture":"#0"},"west":{"uv":[2.375,6.75,3.375,7.5],"tintindex":0,"rotation":0,"texture":"#0"},"up":{"uv":[2.375,6.75,1.0,5.75],"tintindex":0,"rotation":0,"texture":"#0"},"down":{"uv":[3.75,5.75,2.375,6.75],"tintindex":0,"rotation":0,"texture":"#0"}}},{"from":[-1.6000004,-10.0,2.24444],"to":[3.3999996,-4.0,8.24444],"faces":{"east":{"uv":[13.4375,11.0625,13.8125,11.4375],"tintindex":0,"rotation":0,"texture":"#0"},"south":{"uv":[14.5,11.0625,14.8125,11.4375],"tintindex":0,"rotation":0,"texture":"#0"},"north":{"uv":[13.8125,11.0625,14.125,11.4375],"tintindex":0,"rotation":0,"texture":"#0"},"west":{"uv":[14.125,11.0625,14.5,11.4375],"tintindex":0,"rotation":0,"texture":"#0"},"up":{"uv":[14.125,11.0625,13.8125,10.6875],"tintindex":0,"rotation":0,"texture":"#0"},"down":{"uv":[14.4375,10.6875,14.125,11.0625],"tintindex":0,"rotation":0,"texture":"#0"}}},{"from":[-2.8032503,-10.20093,8.62449],"to":[22.19675,-4.2009296,11.62449],"faces":{"east":{"uv":[4.9375,0.1875,5.125,0.5625],"tintindex":0,"rotation":0,"texture":"#0"},"south":{"uv":[6.875,0.1875,8.4375,0.5625],"tintindex":0,"rotation":0,"texture":"#0"},"north":{"uv":[5.125,0.1875,6.6875,0.5625],"tintindex":0,"rotation":0,"texture":"#0"},"west":{"uv":[6.6875,0.1875,6.875,0.5625],"tintindex":0,"rotation":0,"texture":"#0"},"up":{"uv":[6.6875,0.1875,5.125,0.0],"tintindex":0,"rotation":0,"texture":"#0"},"down":{"uv":[8.25,0.0,6.6875,0.1875],"tintindex":0,"rotation":0,"texture":"#0"}}},{"from":[-5.8032503,-11.20093,6.62449],"to":[-2.8032503,-3.2009296,13.62449],"faces":{"east":{"uv":[12.8125,13.3125,13.25,13.8125],"tintindex":0,"rotation":0,"texture":"#0"},"south":{"uv":[13.875,13.3125,14.0625,13.8125],"tintindex":0,"rotation":0,"texture":"#0"},"north":{"uv":[13.25,13.3125,13.4375,13.8125],"tintindex":0,"rotation":0,"texture":"#0"},"west":{"uv":[13.4375,13.3125,13.875,13.8125],"tintindex":0,"rotation":0,"texture":"#0"},"up":{"uv":[13.4375,13.3125,13.25,12.875],"tintindex":0,"rotation":0,"texture":"#0"},"down":{"uv":[13.625,12.875,13.4375,13.3125],"tintindex":0,"rotation":0,"texture":"#0"}}},{"from":[22.19675,-11.20093,6.62449],"to":[25.19675,-3.2009296,13.62449],"faces":{"east":{"uv":[6.8125,8.75,7.25,9.25],"tintindex":0,"rotation":0,"texture":"#0"},"south":{"uv":[7.875,8.75,8.0625,9.25],"tintindex":0,"rotation":0,"texture":"#0"},"north":{"uv":[7.25,8.75,7.4375,9.25],"tintindex":0,"rotation":0,"texture":"#0"},"west":{"uv":[7.4375,8.75,7.875,9.25],"tintindex":0,"rotation":0,"texture":"#0"},"up":{"uv":[7.4375,8.75,7.25,8.3125],"tintindex":0,"rotation":0,"texture":"#0"},"down":{"uv":[7.625,8.3125,7.4375,8.75],"tintindex":0,"rotation":0,"texture":"#0"}}}],"display":{"head":{"rotation":[0.0,0.0,0.0]},"firstperson_righthand":{"rotation":[0.0,0.0,0.0]},"thirdperson_lefthand":{"rotation":[0.0,-0.0,-0.0]},"firstperson_lefthand":{"rotation":[0.0,-0.0,-0.0]},"fixed":{"rotation":[0.0,0.0,0.0]},"ground":{"rotation":[0.0,0.0,0.0]},"thirdperson_righthand":{"rotation":[0.0,0.0,0.0]},"gui":{"rotation":[-150.0,-45.0,180.0]}}}