{"textures":{"0":"modelengine:entity/egyptian_boss","particle":"#0"},"elements":[{"from":[4.0,2.75,3.5],"to":[12.0,7.75,12.5],"faces":{"east":{"uv":[8.6875,12.9375,9.25,13.25],"tintindex":0,"rotation":0,"texture":"#0"},"south":{"uv":[10.3125,12.9375,10.8125,13.25],"tintindex":0,"rotation":0,"texture":"#0"},"north":{"uv":[9.25,12.9375,9.75,13.25],"tintindex":0,"rotation":0,"texture":"#0"},"west":{"uv":[9.75,12.9375,10.3125,13.25],"tintindex":0,"rotation":0,"texture":"#0"},"up":{"uv":[9.75,12.9375,9.25,12.375],"tintindex":0,"rotation":0,"texture":"#0"},"down":{"uv":[10.25,12.375,9.75,12.9375],"tintindex":0,"rotation":0,"texture":"#0"}}},{"from":[6.0,-1.25,5.5],"to":[10.0,2.75,10.5],"faces":{"east":{"uv":[3.0,10.0,3.3125,10.25],"tintindex":0,"rotation":0,"texture":"#0"},"south":{"uv":[3.875,10.0,4.125,10.25],"tintindex":0,"rotation":0,"texture":"#0"},"north":{"uv":[3.3125,10.0,3.5625,10.25],"tintindex":0,"rotation":0,"texture":"#0"},"west":{"uv":[3.5625,10.0,3.875,10.25],"tintindex":0,"rotation":0,"texture":"#0"},"up":{"uv":[3.5625,10.0,3.3125,9.6875],"tintindex":0,"rotation":0,"texture":"#0"},"down":{"uv":[3.8125,9.6875,3.5625,10.0],"tintindex":0,"rotation":0,"texture":"#0"}}}],"display":{"head":{"rotation":[0.0,0.0,0.0]},"firstperson_righthand":{"rotation":[0.0,0.0,0.0]},"thirdperson_lefthand":{"rotation":[0.0,-0.0,-0.0]},"firstperson_lefthand":{"rotation":[0.0,-0.0,-0.0]},"fixed":{"rotation":[0.0,0.0,0.0]},"ground":{"rotation":[0.0,0.0,0.0]},"thirdperson_righthand":{"rotation":[0.0,0.0,0.0]},"gui":{"rotation":[-150.0,-45.0,180.0]}}}