{"textures":{"0":"modelengine:entity/egyptian_boss","particle":"#0"},"elements":[{"from":[0.0,11.0,4.15],"to":[16.0,17.5,11.65],"faces":{"east":{"uv":[0.0,0.9375,0.9375,1.75],"tintindex":0,"rotation":0,"texture":"#0"},"south":{"uv":[3.875,0.9375,5.875,1.75],"tintindex":0,"rotation":0,"texture":"#0"},"north":{"uv":[0.9375,0.9375,2.9375,1.75],"tintindex":0,"rotation":0,"texture":"#0"},"west":{"uv":[2.9375,0.9375,3.875,1.75],"tintindex":0,"rotation":0,"texture":"#0"},"up":{"uv":[2.9375,0.9375,0.9375,0.0],"tintindex":0,"rotation":0,"texture":"#0"},"down":{"uv":[4.9375,0.0,2.9375,0.9375],"tintindex":0,"rotation":0,"texture":"#0"}}},{"from":[4.5,6.0277796,6.25],"to":[11.5,7.5277796,9.75],"faces":{"east":{"uv":[9.625,6.0,10.0,6.125],"tintindex":0,"rotation":0,"texture":"#0"},"south":{"uv":[11.1875,6.0,12.0,6.125],"tintindex":0,"rotation":0,"texture":"#0"},"north":{"uv":[10.0,6.0,10.8125,6.125],"tintindex":0,"rotation":0,"texture":"#0"},"west":{"uv":[10.8125,6.0,11.1875,6.125],"tintindex":0,"rotation":0,"texture":"#0"},"up":{"uv":[10.8125,6.0,10.0,5.625],"tintindex":0,"rotation":0,"texture":"#0"},"down":{"uv":[11.625,5.625,10.8125,6.0],"tintindex":0,"rotation":0,"texture":"#0"}}},{"from":[2.224545,7.7722154,3.5703],"to":[14.191215,12.238885,12.536969],"faces":{"east":{"uv":[4.625,5.625,5.6875,6.125],"tintindex":0,"rotation":0,"texture":"#0"},"south":{"uv":[8.1875,5.625,9.625,6.125],"tintindex":0,"rotation":0,"texture":"#0"},"north":{"uv":[5.6875,5.625,7.125,6.125],"tintindex":0,"rotation":0,"texture":"#0"},"west":{"uv":[7.125,5.625,8.1875,6.125],"tintindex":0,"rotation":0,"texture":"#0"},"up":{"uv":[7.125,5.625,5.6875,4.5625],"tintindex":0,"rotation":0,"texture":"#0"},"down":{"uv":[8.5625,4.5625,7.125,5.625],"tintindex":0,"rotation":0,"texture":"#0"}}},{"from":[3.5,18.5,2.65],"to":[12.5,25.0,12.15],"faces":{"east":{"uv":[3.6875,3.75,4.875,4.5625],"tintindex":0,"rotation":0,"texture":"#0"},"south":{"uv":[7.1875,3.75,8.3125,4.5625],"tintindex":0,"rotation":0,"texture":"#0"},"north":{"uv":[4.875,3.75,6.0,4.5625],"tintindex":0,"rotation":0,"texture":"#0"},"west":{"uv":[6.0,3.75,7.1875,4.5625],"tintindex":0,"rotation":0,"texture":"#0"},"up":{"uv":[6.0,3.75,4.875,2.5625],"tintindex":0,"rotation":0,"texture":"#0"},"down":{"uv":[7.125,2.5625,6.0,3.75],"tintindex":0,"rotation":0,"texture":"#0"}}},{"from":[2.7163801,7.5,4.15],"to":[13.71638,11.0,11.65],"faces":{"east":{"uv":[7.9375,8.3125,8.875,8.75],"tintindex":0,"rotation":0,"texture":"#0"},"south":{"uv":[11.1875,8.3125,12.5625,8.75],"tintindex":0,"rotation":0,"texture":"#0"},"north":{"uv":[8.875,8.3125,10.25,8.75],"tintindex":0,"rotation":0,"texture":"#0"},"west":{"uv":[10.25,8.3125,11.1875,8.75],"tintindex":0,"rotation":0,"texture":"#0"},"up":{"uv":[10.25,8.3125,8.875,7.375],"tintindex":0,"rotation":0,"texture":"#0"},"down":{"uv":[11.625,7.375,10.25,8.3125],"tintindex":0,"rotation":0,"texture":"#0"}}},{"from":[-2.5,15.0,2.65],"to":[8.0,22.5,11.15],"faces":{"east":{"uv":[0.0,2.8125,1.0625,3.75],"tintindex":0,"rotation":0,"texture":"#0"},"south":{"uv":[3.4375,2.8125,4.75,3.75],"tintindex":0,"rotation":0,"texture":"#0"},"north":{"uv":[1.0625,2.8125,2.375,3.75],"tintindex":0,"rotation":0,"texture":"#0"},"west":{"uv":[2.375,2.8125,3.4375,3.75],"tintindex":0,"rotation":0,"texture":"#0"},"up":{"uv":[2.375,2.8125,1.0625,1.75],"tintindex":0,"rotation":0,"texture":"#0"},"down":{"uv":[3.6875,1.75,2.375,2.8125],"tintindex":0,"rotation":0,"texture":"#0"}}},{"from":[3.0,18.0,2.15],"to":[8.5,25.5,8.15],"faces":{"east":{"uv":[8.625,0.75,9.375,1.6875],"tintindex":0,"rotation":0,"texture":"#0"},"south":{"uv":[10.8125,0.75,11.5,1.6875],"tintindex":0,"rotation":0,"texture":"#0"},"north":{"uv":[9.375,0.75,10.0625,1.6875],"tintindex":0,"rotation":0,"texture":"#0"},"west":{"uv":[10.0625,0.75,10.8125,1.6875],"tintindex":0,"rotation":0,"texture":"#0"},"up":{"uv":[10.0625,0.75,9.375,0.0],"tintindex":0,"rotation":0,"texture":"#0"},"down":{"uv":[10.75,0.0,10.0625,0.75],"tintindex":0,"rotation":0,"texture":"#0"}}},{"from":[6.42043,8.22222,2.5258598],"to":[9.92043,11.722219,3.5258598],"faces":{"east":{"uv":[5.0,10.5,5.125,10.9375],"tintindex":0,"rotation":0,"texture":"#0"},"south":{"uv":[5.6875,10.5,6.125,10.9375],"tintindex":0,"rotation":0,"texture":"#0"},"north":{"uv":[5.125,10.5,5.5625,10.9375],"tintindex":0,"rotation":0,"texture":"#0"},"west":{"uv":[5.5625,10.5,5.6875,10.9375],"tintindex":0,"rotation":0,"texture":"#0"},"up":{"uv":[5.5625,10.5,5.125,10.375],"tintindex":0,"rotation":0,"texture":"#0"},"down":{"uv":[6.0,10.375,5.5625,10.5],"tintindex":0,"rotation":0,"texture":"#0"}}},{"from":[8.0,15.0,3.65],"to":[19.0,23.5,11.15],"faces":{"east":{"uv":[0.0,4.6875,0.9375,5.75],"tintindex":0,"rotation":0,"texture":"#0"},"south":{"uv":[3.25,4.6875,4.625,5.75],"tintindex":0,"rotation":0,"texture":"#0"},"north":{"uv":[0.9375,4.6875,2.3125,5.75],"tintindex":0,"rotation":0,"texture":"#0"},"west":{"uv":[2.3125,4.6875,3.25,5.75],"tintindex":0,"rotation":0,"texture":"#0"},"up":{"uv":[2.3125,4.6875,0.9375,3.75],"tintindex":0,"rotation":0,"texture":"#0"},"down":{"uv":[3.6875,3.75,2.3125,4.6875],"tintindex":0,"rotation":0,"texture":"#0"}}},{"from":[3.5,4.25,4.75],"to":[12.5,6.25,11.25],"faces":{"east":{"uv":[7.8125,6.875,8.5625,7.0625],"tintindex":0,"rotation":0,"texture":"#0"},"south":{"uv":[10.375,6.875,11.4375,7.0625],"tintindex":0,"rotation":0,"texture":"#0"},"north":{"uv":[8.5625,6.875,9.625,7.0625],"tintindex":0,"rotation":0,"texture":"#0"},"west":{"uv":[9.625,6.875,10.375,7.0625],"tintindex":0,"rotation":0,"texture":"#0"},"up":{"uv":[9.625,6.875,8.5625,6.125],"tintindex":0,"rotation":0,"texture":"#0"},"down":{"uv":[10.6875,6.125,9.625,6.875],"tintindex":0,"rotation":0,"texture":"#0"}}}],"display":{"head":{"rotation":[0.0,0.0,0.0]},"firstperson_righthand":{"rotation":[0.0,0.0,0.0]},"thirdperson_lefthand":{"rotation":[0.0,-0.0,-0.0]},"firstperson_lefthand":{"rotation":[0.0,-0.0,-0.0]},"fixed":{"rotation":[0.0,0.0,0.0]},"ground":{"rotation":[0.0,0.0,0.0]},"thirdperson_righthand":{"rotation":[0.0,0.0,0.0]},"gui":{"rotation":[-150.0,-45.0,180.0]}}}