{"textures":{"0":"modelengine:entity/miner_wrath_texture","particle":"#0"},"elements":[{"from":[5.536,0.6079998,5.5360003],"to":[10.464,3.4239998,10.464],"faces":{"east":{"uv":[7.375,3.0,7.8125,3.25],"tintindex":0,"rotation":0,"texture":"#0"},"south":{"uv":[8.6875,3.0,9.125,3.25],"tintindex":0,"rotation":0,"texture":"#0"},"north":{"uv":[7.8125,3.0,8.25,3.25],"tintindex":0,"rotation":0,"texture":"#0"},"west":{"uv":[8.25,3.0,8.6875,3.25],"tintindex":0,"rotation":0,"texture":"#0"},"up":{"uv":[8.25,3.0,7.8125,2.5625],"tintindex":0,"rotation":0,"texture":"#0"},"down":{"uv":[8.6875,2.5625,8.25,3.0],"tintindex":0,"rotation":0,"texture":"#0"}}},{"from":[6.24,1.3120003,6.24],"to":[9.76,7.6480007,9.76],"faces":{"east":{"uv":[8.25,1.1875,8.5625,1.75],"tintindex":0,"rotation":0,"texture":"#0"},"south":{"uv":[9.1875,1.1875,9.5,1.75],"tintindex":0,"rotation":0,"texture":"#0"},"north":{"uv":[8.5625,1.1875,8.875,1.75],"tintindex":0,"rotation":0,"texture":"#0"},"west":{"uv":[8.875,1.1875,9.1875,1.75],"tintindex":0,"rotation":0,"texture":"#0"},"up":{"uv":[8.875,1.1875,8.5625,0.875],"tintindex":0,"rotation":0,"texture":"#0"},"down":{"uv":[9.1875,0.875,8.875,1.1875],"tintindex":0,"rotation":0,"texture":"#0"}}}],"display":{"head":{"rotation":[0.0,0.0,0.0]},"firstperson_righthand":{"rotation":[0.0,0.0,0.0]},"thirdperson_lefthand":{"rotation":[0.0,-0.0,-0.0]},"firstperson_lefthand":{"rotation":[0.0,-0.0,-0.0]},"fixed":{"rotation":[0.0,0.0,0.0]},"ground":{"rotation":[0.0,0.0,0.0]},"thirdperson_righthand":{"rotation":[0.0,0.0,0.0]},"gui":{"rotation":[-150.0,-45.0,180.0]}}}