{"textures":{"0":"modelengine:entity/miner_wrath_texture","particle":"#0"},"elements":[{"from":[5.5360003,4.4799995,5.5360003],"to":[11.168,8.704002,10.464],"faces":{"east":{"uv":[6.375,5.3125,6.8125,5.6875],"tintindex":0,"rotation":0,"texture":"#0"},"south":{"uv":[7.75,5.3125,8.25,5.6875],"tintindex":0,"rotation":0,"texture":"#0"},"north":{"uv":[6.8125,5.3125,7.3125,5.6875],"tintindex":0,"rotation":0,"texture":"#0"},"west":{"uv":[7.3125,5.3125,7.75,5.6875],"tintindex":0,"rotation":0,"texture":"#0"},"up":{"uv":[7.3125,5.3125,6.8125,4.875],"tintindex":0,"rotation":0,"texture":"#0"},"down":{"uv":[7.8125,4.875,7.3125,5.3125],"tintindex":0,"rotation":0,"texture":"#0"}}},{"from":[6.24,-0.44799805,6.24],"to":[9.76,8.0,9.76],"faces":{"east":{"uv":[0.0,8.25,0.3125,9.0],"tintindex":0,"rotation":0,"texture":"#0"},"south":{"uv":[0.9375,8.25,1.25,9.0],"tintindex":0,"rotation":0,"texture":"#0"},"north":{"uv":[0.3125,8.25,0.625,9.0],"tintindex":0,"rotation":0,"texture":"#0"},"west":{"uv":[0.625,8.25,0.9375,9.0],"tintindex":0,"rotation":0,"texture":"#0"},"up":{"uv":[0.625,8.25,0.3125,7.9375],"tintindex":0,"rotation":0,"texture":"#0"},"down":{"uv":[0.9375,7.9375,0.625,8.25],"tintindex":0,"rotation":0,"texture":"#0"}}}],"display":{"head":{"rotation":[0.0,0.0,0.0]},"firstperson_righthand":{"rotation":[0.0,0.0,0.0]},"thirdperson_lefthand":{"rotation":[0.0,-0.0,-0.0]},"firstperson_lefthand":{"rotation":[0.0,-0.0,-0.0]},"fixed":{"rotation":[0.0,0.0,0.0]},"ground":{"rotation":[0.0,0.0,0.0]},"thirdperson_righthand":{"rotation":[0.0,0.0,0.0]},"gui":{"rotation":[-150.0,-45.0,180.0]}}}