{"textures":{"0":"modelengine:entity/miner_wrath_texture","particle":"#0"},"elements":[{"from":[5.8880005,6.24,5.888],"to":[10.1119995,7.6480007,10.1119995],"faces":{"east":{"uv":[8.75,5.4375,9.125,5.5625],"tintindex":0,"rotation":0,"texture":"#0"},"south":{"uv":[9.875,5.4375,10.25,5.5625],"tintindex":0,"rotation":0,"texture":"#0"},"north":{"uv":[9.125,5.4375,9.5,5.5625],"tintindex":0,"rotation":0,"texture":"#0"},"west":{"uv":[9.5,5.4375,9.875,5.5625],"tintindex":0,"rotation":0,"texture":"#0"},"up":{"uv":[9.5,5.4375,9.125,5.0625],"tintindex":0,"rotation":0,"texture":"#0"},"down":{"uv":[9.875,5.0625,9.5,5.4375],"tintindex":0,"rotation":0,"texture":"#0"}}},{"from":[6.24,1.3120003,6.24],"to":[9.76,6.24,9.76],"faces":{"east":{"uv":[8.6875,2.5625,9.0,3.0],"tintindex":0,"rotation":0,"texture":"#0"},"south":{"uv":[9.625,2.5625,9.9375,3.0],"tintindex":0,"rotation":0,"texture":"#0"},"north":{"uv":[9.0,2.5625,9.3125,3.0],"tintindex":0,"rotation":0,"texture":"#0"},"west":{"uv":[9.3125,2.5625,9.625,3.0],"tintindex":0,"rotation":0,"texture":"#0"},"up":{"uv":[9.3125,2.5625,9.0,2.25],"tintindex":0,"rotation":0,"texture":"#0"},"down":{"uv":[9.625,2.25,9.3125,2.5625],"tintindex":0,"rotation":0,"texture":"#0"}}},{"from":[5.8880005,0.6079998,5.888],"to":[10.1119995,2.0159988,10.1119995],"faces":{"east":{"uv":[8.75,4.125,9.125,4.25],"tintindex":0,"rotation":0,"texture":"#0"},"south":{"uv":[9.875,4.125,10.25,4.25],"tintindex":0,"rotation":0,"texture":"#0"},"north":{"uv":[9.125,4.125,9.5,4.25],"tintindex":0,"rotation":0,"texture":"#0"},"west":{"uv":[9.5,4.125,9.875,4.25],"tintindex":0,"rotation":0,"texture":"#0"},"up":{"uv":[9.5,4.125,9.125,3.75],"tintindex":0,"rotation":0,"texture":"#0"},"down":{"uv":[9.875,3.75,9.5,4.125],"tintindex":0,"rotation":0,"texture":"#0"}}}],"display":{"head":{"rotation":[0.0,0.0,0.0]},"firstperson_righthand":{"rotation":[0.0,0.0,0.0]},"thirdperson_lefthand":{"rotation":[0.0,-0.0,-0.0]},"firstperson_lefthand":{"rotation":[0.0,-0.0,-0.0]},"fixed":{"rotation":[0.0,0.0,0.0]},"ground":{"rotation":[0.0,0.0,0.0]},"thirdperson_righthand":{"rotation":[0.0,0.0,0.0]},"gui":{"rotation":[-150.0,-45.0,180.0]}}}