{"textures":{"0":"modelengine:entity/miner_wrath_texture","particle":"#0"},"elements":[{"from":[3.776,4.4799995,3.4239998],"to":[12.224,14.335999,9.76],"faces":{"east":{"uv":[4.75,3.0625,5.3125,3.9375],"tintindex":0,"rotation":0,"texture":"#0"},"south":{"uv":[6.625,3.0625,7.375,3.9375],"tintindex":0,"rotation":0,"texture":"#0"},"north":{"uv":[5.3125,3.0625,6.0625,3.9375],"tintindex":0,"rotation":0,"texture":"#0"},"west":{"uv":[6.0625,3.0625,6.625,3.9375],"tintindex":0,"rotation":0,"texture":"#0"},"up":{"uv":[6.0625,3.0625,5.3125,2.5],"tintindex":0,"rotation":0,"texture":"#0"},"down":{"uv":[6.8125,2.5,6.0625,3.0625],"tintindex":0,"rotation":0,"texture":"#0"}}}],"display":{"head":{"rotation":[0.0,0.0,0.0]},"firstperson_righthand":{"rotation":[0.0,0.0,0.0]},"thirdperson_lefthand":{"rotation":[0.0,-0.0,-0.0]},"firstperson_lefthand":{"rotation":[0.0,-0.0,-0.0]},"fixed":{"rotation":[0.0,0.0,0.0]},"ground":{"rotation":[0.0,0.0,0.0]},"thirdperson_righthand":{"rotation":[0.0,0.0,0.0]},"gui":{"rotation":[-150.0,-45.0,180.0]}}}