{"textures":{"0":"modelengine:entity/miner_wrath_texture","particle":"#0"},"elements":[{"from":[6.4688,11.291199,6.24],"to":[7.1728,11.995201,6.9440002],"faces":{"east":{"uv":[0.0,1.75,0.0625,1.8125],"tintindex":0,"rotation":0,"texture":"#0"},"south":{"uv":[0.1875,1.75,0.25,1.8125],"tintindex":0,"rotation":0,"texture":"#0"},"north":{"uv":[0.0625,1.75,0.125,1.8125],"tintindex":0,"rotation":0,"texture":"#0"},"west":{"uv":[0.125,1.75,0.1875,1.8125],"tintindex":0,"rotation":0,"texture":"#0"},"up":{"uv":[0.125,1.75,0.0625,1.6875],"tintindex":0,"rotation":0,"texture":"#0"},"down":{"uv":[0.1875,1.6875,0.125,1.75],"tintindex":0,"rotation":0,"texture":"#0"}}},{"from":[6.8208,9.003201,6.592],"to":[9.6368,12.523201,9.408],"faces":{"east":{"uv":[4.625,9.1875,4.875,9.5],"tintindex":0,"rotation":0,"texture":"#0"},"south":{"uv":[5.375,9.1875,5.625,9.5],"tintindex":0,"rotation":0,"texture":"#0"},"north":{"uv":[4.875,9.1875,5.125,9.5],"tintindex":0,"rotation":0,"texture":"#0"},"west":{"uv":[5.125,9.1875,5.375,9.5],"tintindex":0,"rotation":0,"texture":"#0"},"up":{"uv":[5.125,9.1875,4.875,8.9375],"tintindex":0,"rotation":0,"texture":"#0"},"down":{"uv":[5.375,8.9375,5.125,9.1875],"tintindex":0,"rotation":0,"texture":"#0"}}},{"from":[6.4688,11.995201,6.24],"to":[9.9888,13.403198,9.76],"faces":{"east":{"uv":[1.1875,7.125,1.5,7.25],"tintindex":0,"rotation":0,"texture":"#0"},"south":{"uv":[2.125,7.125,2.4375,7.25],"tintindex":0,"rotation":0,"texture":"#0"},"north":{"uv":[1.5,7.125,1.8125,7.25],"tintindex":0,"rotation":0,"texture":"#0"},"west":{"uv":[1.8125,7.125,2.125,7.25],"tintindex":0,"rotation":0,"texture":"#0"},"up":{"uv":[1.8125,7.125,1.5,6.8125],"tintindex":0,"rotation":0,"texture":"#0"},"down":{"uv":[2.125,6.8125,1.8125,7.125],"tintindex":0,"rotation":0,"texture":"#0"}}},{"from":[6.4688,13.931198,8.0],"to":[9.9888,19.563198,8.0],"faces":{"south":{"uv":[2.0,1.25,2.3125,1.75],"tintindex":0,"rotation":0,"texture":"#0"},"north":{"uv":[1.6875,1.25,2.0,1.75],"tintindex":0,"rotation":0,"texture":"#0"}}},{"from":[9.2848,10.5872,9.056],"to":[9.9888,11.995201,9.76],"faces":{"east":{"uv":[2.25,0.0625,2.3125,0.1875],"tintindex":0,"rotation":0,"texture":"#0"},"south":{"uv":[2.4375,0.0625,2.5,0.1875],"tintindex":0,"rotation":0,"texture":"#0"},"north":{"uv":[2.3125,0.0625,2.375,0.1875],"tintindex":0,"rotation":0,"texture":"#0"},"west":{"uv":[2.375,0.0625,2.4375,0.1875],"tintindex":0,"rotation":0,"texture":"#0"},"up":{"uv":[2.375,0.0625,2.3125,0.0],"tintindex":0,"rotation":0,"texture":"#0"},"down":{"uv":[2.4375,0.0,2.375,0.0625],"tintindex":0,"rotation":0,"texture":"#0"}}},{"from":[5.2368,8.651199,7.648],"to":[6.6448,9.355198,8.352],"faces":{"east":{"uv":[0.0,0.5,0.0625,0.5625],"tintindex":0,"rotation":0,"texture":"#0"},"south":{"uv":[0.25,0.5,0.375,0.5625],"tintindex":0,"rotation":0,"texture":"#0"},"north":{"uv":[0.0625,0.5,0.1875,0.5625],"tintindex":0,"rotation":0,"texture":"#0"},"west":{"uv":[0.1875,0.5,0.25,0.5625],"tintindex":0,"rotation":0,"texture":"#0"},"up":{"uv":[0.1875,0.5,0.0625,0.4375],"tintindex":0,"rotation":0,"texture":"#0"},"down":{"uv":[0.3125,0.4375,0.1875,0.5],"tintindex":0,"rotation":0,"texture":"#0"}}},{"from":[8.5808,9.883198,6.24],"to":[9.9888,11.995201,7.648],"faces":{"east":{"uv":[5.625,1.75,5.75,1.9375],"tintindex":0,"rotation":0,"texture":"#0"},"south":{"uv":[6.0,1.75,6.125,1.9375],"tintindex":0,"rotation":0,"texture":"#0"},"north":{"uv":[5.75,1.75,5.875,1.9375],"tintindex":0,"rotation":0,"texture":"#0"},"west":{"uv":[5.875,1.75,6.0,1.9375],"tintindex":0,"rotation":0,"texture":"#0"},"up":{"uv":[5.875,1.75,5.75,1.625],"tintindex":0,"rotation":0,"texture":"#0"},"down":{"uv":[6.0,1.625,5.875,1.75],"tintindex":0,"rotation":0,"texture":"#0"}}},{"from":[6.4688,10.5872,8.352],"to":[7.8768,11.995201,9.76],"faces":{"east":{"uv":[0.0,3.1875,0.125,3.3125],"tintindex":0,"rotation":0,"texture":"#0"},"south":{"uv":[0.375,3.1875,0.5,3.3125],"tintindex":0,"rotation":0,"texture":"#0"},"north":{"uv":[0.125,3.1875,0.25,3.3125],"tintindex":0,"rotation":0,"texture":"#0"},"west":{"uv":[0.25,3.1875,0.375,3.3125],"tintindex":0,"rotation":0,"texture":"#0"},"up":{"uv":[0.25,3.1875,0.125,3.0625],"tintindex":0,"rotation":0,"texture":"#0"},"down":{"uv":[0.375,3.0625,0.25,3.1875],"tintindex":0,"rotation":0,"texture":"#0"}}},{"from":[6.4688,5.4832,6.24],"to":[9.9888,9.003201,9.76],"faces":{"east":{"uv":[2.25,9.1875,2.5625,9.5],"tintindex":0,"rotation":0,"texture":"#0"},"south":{"uv":[3.1875,9.1875,3.5,9.5],"tintindex":0,"rotation":0,"texture":"#0"},"north":{"uv":[2.5625,9.1875,2.875,9.5],"tintindex":0,"rotation":0,"texture":"#0"},"west":{"uv":[2.875,9.1875,3.1875,9.5],"tintindex":0,"rotation":0,"texture":"#0"},"up":{"uv":[2.875,9.1875,2.5625,8.875],"tintindex":0,"rotation":0,"texture":"#0"},"down":{"uv":[3.1875,8.875,2.875,9.1875],"tintindex":0,"rotation":0,"texture":"#0"}}},{"from":[7.8768,12.523201,7.648],"to":[8.5808,14.6352005,8.352],"faces":{"east":{"uv":[2.25,1.75,2.3125,1.9375],"tintindex":0,"rotation":0,"texture":"#0"},"south":{"uv":[2.4375,1.75,2.5,1.9375],"tintindex":0,"rotation":0,"texture":"#0"},"north":{"uv":[2.3125,1.75,2.375,1.9375],"tintindex":0,"rotation":0,"texture":"#0"},"west":{"uv":[2.375,1.75,2.4375,1.9375],"tintindex":0,"rotation":0,"texture":"#0"},"up":{"uv":[2.375,1.75,2.3125,1.6875],"tintindex":0,"rotation":0,"texture":"#0"},"down":{"uv":[2.4375,1.6875,2.375,1.75],"tintindex":0,"rotation":0,"texture":"#0"}}}],"display":{"head":{"rotation":[0.0,0.0,0.0]},"firstperson_righthand":{"rotation":[0.0,0.0,0.0]},"thirdperson_lefthand":{"rotation":[0.0,-0.0,-0.0]},"firstperson_lefthand":{"rotation":[0.0,-0.0,-0.0]},"fixed":{"rotation":[0.0,0.0,0.0]},"ground":{"rotation":[0.0,0.0,0.0]},"thirdperson_righthand":{"rotation":[0.0,0.0,0.0]},"gui":{"rotation":[-150.0,-45.0,180.0]}}}