{"textures":{"0":"modelengine:entity/miner_wrath_texture","particle":"#0"},"elements":[{"from":[5.1840005,4.4799995,7.296],"to":[8.704,5.8879986,8.704],"faces":{"east":{"uv":[6.9375,0.125,7.0625,0.25],"tintindex":0,"rotation":0,"texture":"#0"},"south":{"uv":[7.5,0.125,7.8125,0.25],"tintindex":0,"rotation":0,"texture":"#0"},"north":{"uv":[7.0625,0.125,7.375,0.25],"tintindex":0,"rotation":0,"texture":"#0"},"west":{"uv":[7.375,0.125,7.5,0.25],"tintindex":0,"rotation":0,"texture":"#0"},"up":{"uv":[7.375,0.125,7.0625,0.0],"tintindex":0,"rotation":0,"texture":"#0"},"down":{"uv":[7.6875,0.0,7.375,0.125],"tintindex":0,"rotation":0,"texture":"#0"}}},{"from":[7.2960005,5.8879986,7.296],"to":[8.704,8.0,8.704],"faces":{"east":{"uv":[2.75,1.4375,2.875,1.625],"tintindex":0,"rotation":0,"texture":"#0"},"south":{"uv":[3.125,1.4375,3.25,1.625],"tintindex":0,"rotation":0,"texture":"#0"},"north":{"uv":[2.875,1.4375,3.0,1.625],"tintindex":0,"rotation":0,"texture":"#0"},"west":{"uv":[3.0,1.4375,3.125,1.625],"tintindex":0,"rotation":0,"texture":"#0"},"up":{"uv":[3.0,1.4375,2.875,1.3125],"tintindex":0,"rotation":0,"texture":"#0"},"down":{"uv":[3.125,1.3125,3.0,1.4375],"tintindex":0,"rotation":0,"texture":"#0"}}}],"display":{"head":{"rotation":[0.0,0.0,0.0]},"firstperson_righthand":{"rotation":[0.0,0.0,0.0]},"thirdperson_lefthand":{"rotation":[0.0,-0.0,-0.0]},"firstperson_lefthand":{"rotation":[0.0,-0.0,-0.0]},"fixed":{"rotation":[0.0,0.0,0.0]},"ground":{"rotation":[0.0,0.0,0.0]},"thirdperson_righthand":{"rotation":[0.0,0.0,0.0]},"gui":{"rotation":[-150.0,-45.0,180.0]}}}