{"textures":{"0":"modelengine:entity/miner_wrath_texture","particle":"#0"},"elements":[{"from":[5.1840005,4.656,7.296],"to":[8.704,6.063999,8.704],"faces":{"east":{"uv":[6.125,7.9375,6.25,8.0625],"tintindex":0,"rotation":0,"texture":"#0"},"south":{"uv":[6.6875,7.9375,7.0,8.0625],"tintindex":0,"rotation":0,"texture":"#0"},"north":{"uv":[6.25,7.9375,6.5625,8.0625],"tintindex":0,"rotation":0,"texture":"#0"},"west":{"uv":[6.5625,7.9375,6.6875,8.0625],"tintindex":0,"rotation":0,"texture":"#0"},"up":{"uv":[6.5625,7.9375,6.25,7.8125],"tintindex":0,"rotation":0,"texture":"#0"},"down":{"uv":[6.875,7.8125,6.5625,7.9375],"tintindex":0,"rotation":0,"texture":"#0"}}},{"from":[7.2960005,6.063999,7.296],"to":[8.704,8.176001,8.704],"faces":{"east":{"uv":[0.0,4.5,0.125,4.6875],"tintindex":0,"rotation":0,"texture":"#0"},"south":{"uv":[0.375,4.5,0.5,4.6875],"tintindex":0,"rotation":0,"texture":"#0"},"north":{"uv":[0.125,4.5,0.25,4.6875],"tintindex":0,"rotation":0,"texture":"#0"},"west":{"uv":[0.25,4.5,0.375,4.6875],"tintindex":0,"rotation":0,"texture":"#0"},"up":{"uv":[0.25,4.5,0.125,4.375],"tintindex":0,"rotation":0,"texture":"#0"},"down":{"uv":[0.375,4.375,0.25,4.5],"tintindex":0,"rotation":0,"texture":"#0"}}}],"display":{"head":{"rotation":[0.0,0.0,0.0]},"firstperson_righthand":{"rotation":[0.0,0.0,0.0]},"thirdperson_lefthand":{"rotation":[0.0,-0.0,-0.0]},"firstperson_lefthand":{"rotation":[0.0,-0.0,-0.0]},"fixed":{"rotation":[0.0,0.0,0.0]},"ground":{"rotation":[0.0,0.0,0.0]},"thirdperson_righthand":{"rotation":[0.0,0.0,0.0]},"gui":{"rotation":[-150.0,-45.0,180.0]}}}