{"textures":{"0":"modelengine:entity/miner_wrath_texture","particle":"#0"},"elements":[{"from":[5.36,4.656,7.296],"to":[8.88,6.063999,8.704],"faces":{"east":{"uv":[5.1875,7.4375,5.3125,7.5625],"tintindex":0,"rotation":0,"texture":"#0"},"south":{"uv":[5.75,7.4375,6.0625,7.5625],"tintindex":0,"rotation":0,"texture":"#0"},"north":{"uv":[5.3125,7.4375,5.625,7.5625],"tintindex":0,"rotation":0,"texture":"#0"},"west":{"uv":[5.625,7.4375,5.75,7.5625],"tintindex":0,"rotation":0,"texture":"#0"},"up":{"uv":[5.625,7.4375,5.3125,7.3125],"tintindex":0,"rotation":0,"texture":"#0"},"down":{"uv":[5.9375,7.3125,5.625,7.4375],"tintindex":0,"rotation":0,"texture":"#0"}}},{"from":[7.472,6.063999,7.296],"to":[8.88,8.176001,8.704],"faces":{"east":{"uv":[0.0,4.1875,0.125,4.375],"tintindex":0,"rotation":0,"texture":"#0"},"south":{"uv":[0.375,4.1875,0.5,4.375],"tintindex":0,"rotation":0,"texture":"#0"},"north":{"uv":[0.125,4.1875,0.25,4.375],"tintindex":0,"rotation":0,"texture":"#0"},"west":{"uv":[0.25,4.1875,0.375,4.375],"tintindex":0,"rotation":0,"texture":"#0"},"up":{"uv":[0.25,4.1875,0.125,4.0625],"tintindex":0,"rotation":0,"texture":"#0"},"down":{"uv":[0.375,4.0625,0.25,4.1875],"tintindex":0,"rotation":0,"texture":"#0"}}}],"display":{"head":{"rotation":[0.0,0.0,0.0]},"firstperson_righthand":{"rotation":[0.0,0.0,0.0]},"thirdperson_lefthand":{"rotation":[0.0,-0.0,-0.0]},"firstperson_lefthand":{"rotation":[0.0,-0.0,-0.0]},"fixed":{"rotation":[0.0,0.0,0.0]},"ground":{"rotation":[0.0,0.0,0.0]},"thirdperson_righthand":{"rotation":[0.0,0.0,0.0]},"gui":{"rotation":[-150.0,-45.0,180.0]}}}