{"textures":{"0":"modelengine:entity/miner_wrath_texture","particle":"#0"},"elements":[{"from":[7.12,6.063999,7.296],"to":[8.528,8.176001,8.704],"faces":{"east":{"uv":[5.4375,0.375,5.5625,0.5625],"tintindex":0,"rotation":0,"texture":"#0"},"south":{"uv":[5.8125,0.375,5.9375,0.5625],"tintindex":0,"rotation":0,"texture":"#0"},"north":{"uv":[5.5625,0.375,5.6875,0.5625],"tintindex":0,"rotation":0,"texture":"#0"},"west":{"uv":[5.6875,0.375,5.8125,0.5625],"tintindex":0,"rotation":0,"texture":"#0"},"up":{"uv":[5.6875,0.375,5.5625,0.25],"tintindex":0,"rotation":0,"texture":"#0"},"down":{"uv":[5.8125,0.25,5.6875,0.375],"tintindex":0,"rotation":0,"texture":"#0"}}},{"from":[7.12,4.656,7.296],"to":[10.639999,6.063999,8.704],"faces":{"east":{"uv":[8.75,6.75,8.875,6.875],"tintindex":0,"rotation":0,"texture":"#0"},"south":{"uv":[9.3125,6.75,9.625,6.875],"tintindex":0,"rotation":0,"texture":"#0"},"north":{"uv":[8.875,6.75,9.1875,6.875],"tintindex":0,"rotation":0,"texture":"#0"},"west":{"uv":[9.1875,6.75,9.3125,6.875],"tintindex":0,"rotation":0,"texture":"#0"},"up":{"uv":[9.1875,6.75,8.875,6.625],"tintindex":0,"rotation":0,"texture":"#0"},"down":{"uv":[9.5,6.625,9.1875,6.75],"tintindex":0,"rotation":0,"texture":"#0"}}}],"display":{"head":{"rotation":[0.0,0.0,0.0]},"firstperson_righthand":{"rotation":[0.0,0.0,0.0]},"thirdperson_lefthand":{"rotation":[0.0,-0.0,-0.0]},"firstperson_lefthand":{"rotation":[0.0,-0.0,-0.0]},"fixed":{"rotation":[0.0,0.0,0.0]},"ground":{"rotation":[0.0,0.0,0.0]},"thirdperson_righthand":{"rotation":[0.0,0.0,0.0]},"gui":{"rotation":[-150.0,-45.0,180.0]}}}