{"textures":{"0":"modelengine:entity/miner_wrath_texture","particle":"#0"},"elements":[{"from":[6.592,8.0,8.0],"to":[9.408,9.408,9.408],"faces":{"east":{"uv":[2.75,0.125,2.875,0.25],"tintindex":0,"rotation":0,"texture":"#0"},"south":{"uv":[3.25,0.125,3.5,0.25],"tintindex":0,"rotation":0,"texture":"#0"},"north":{"uv":[2.875,0.125,3.125,0.25],"tintindex":0,"rotation":0,"texture":"#0"},"west":{"uv":[3.125,0.125,3.25,0.25],"tintindex":0,"rotation":0,"texture":"#0"},"up":{"uv":[3.125,0.125,2.875,0.0],"tintindex":0,"rotation":0,"texture":"#0"},"down":{"uv":[3.375,0.0,3.125,0.125],"tintindex":0,"rotation":0,"texture":"#0"}}},{"from":[5.8879995,6.592,5.184],"to":[10.1119995,8.0,9.408],"faces":{"east":{"uv":[2.6875,3.0,3.0625,3.125],"tintindex":0,"rotation":0,"texture":"#0"},"south":{"uv":[3.8125,3.0,4.1875,3.125],"tintindex":0,"rotation":0,"texture":"#0"},"north":{"uv":[3.0625,3.0,3.4375,3.125],"tintindex":0,"rotation":0,"texture":"#0"},"west":{"uv":[3.4375,3.0,3.8125,3.125],"tintindex":0,"rotation":0,"texture":"#0"},"up":{"uv":[3.4375,3.0,3.0625,2.625],"tintindex":0,"rotation":0,"texture":"#0"},"down":{"uv":[3.8125,2.625,3.4375,3.0],"tintindex":0,"rotation":0,"texture":"#0"}}},{"from":[6.24,4.48,1.3119998],"to":[9.76,5.8879995,5.5360003],"faces":{"east":{"uv":[1.9375,4.625,2.3125,4.75],"tintindex":0,"rotation":0,"texture":"#0"},"south":{"uv":[3.0,4.625,3.3125,4.75],"tintindex":0,"rotation":0,"texture":"#0"},"north":{"uv":[2.3125,4.625,2.625,4.75],"tintindex":0,"rotation":0,"texture":"#0"},"west":{"uv":[2.625,4.625,3.0,4.75],"tintindex":0,"rotation":0,"texture":"#0"},"up":{"uv":[2.625,4.625,2.3125,4.25],"tintindex":0,"rotation":0,"texture":"#0"},"down":{"uv":[2.9375,4.25,2.625,4.625],"tintindex":0,"rotation":0,"texture":"#0"}}},{"from":[6.24,3.2479997,5.5360003],"to":[9.76,7.4719996,9.056],"faces":{"east":{"uv":[8.75,6.25,9.0625,6.625],"tintindex":0,"rotation":0,"texture":"#0"},"south":{"uv":[9.6875,6.25,10.0,6.625],"tintindex":0,"rotation":0,"texture":"#0"},"north":{"uv":[9.0625,6.25,9.375,6.625],"tintindex":0,"rotation":0,"texture":"#0"},"west":{"uv":[9.375,6.25,9.6875,6.625],"tintindex":0,"rotation":0,"texture":"#0"},"up":{"uv":[9.375,6.25,9.0625,5.9375],"tintindex":0,"rotation":0,"texture":"#0"},"down":{"uv":[9.6875,5.9375,9.375,6.25],"tintindex":0,"rotation":0,"texture":"#0"}}},{"from":[5.8879995,3.072,0.96000004],"to":[10.1119995,4.48,9.408],"faces":{"east":{"uv":[5.625,2.25,6.375,2.375],"tintindex":0,"rotation":0,"texture":"#0"},"south":{"uv":[7.5,2.25,7.875,2.375],"tintindex":0,"rotation":0,"texture":"#0"},"north":{"uv":[6.375,2.25,6.75,2.375],"tintindex":0,"rotation":0,"texture":"#0"},"west":{"uv":[6.75,2.25,7.5,2.375],"tintindex":0,"rotation":0,"texture":"#0"},"up":{"uv":[6.75,2.25,6.375,1.5],"tintindex":0,"rotation":0,"texture":"#0"},"down":{"uv":[7.125,1.5,6.75,2.25],"tintindex":0,"rotation":0,"texture":"#0"}}},{"from":[6.0992002,7.1552,5.0432005],"to":[9.9008,10.9567995,6.7327995],"faces":{"east":{"uv":[4.125,5.8125,4.0,6.125],"tintindex":0,"rotation":0,"texture":"#0"},"south":{"uv":[4.4375,5.8125,4.125,6.125],"tintindex":0,"rotation":0,"texture":"#0"},"north":{"uv":[4.0,5.8125,3.6875,6.125],"tintindex":0,"rotation":0,"texture":"#0"},"west":{"uv":[3.6875,5.8125,3.5625,6.125],"tintindex":0,"rotation":0,"texture":"#0"},"up":{"uv":[3.6875,5.8125,4.0,5.6875],"tintindex":0,"rotation":0,"texture":"#0"},"down":{"uv":[4.0,5.6875,4.3125,5.8125],"tintindex":0,"rotation":0,"texture":"#0"}},"rotation":{"origin":[8.0,8.0,6.592],"angle":-22.5,"axis":"x"}}],"display":{"head":{"rotation":[0.0,0.0,0.0]},"firstperson_righthand":{"rotation":[0.0,0.0,0.0]},"thirdperson_lefthand":{"rotation":[0.0,-0.0,-0.0]},"firstperson_lefthand":{"rotation":[0.0,-0.0,-0.0]},"fixed":{"rotation":[0.0,0.0,0.0]},"ground":{"rotation":[0.0,0.0,0.0]},"thirdperson_righthand":{"rotation":[0.0,0.0,0.0]},"gui":{"rotation":[-150.0,-45.0,180.0]}}}