{"textures":{"0":"modelengine:entity/miner_wrath_texture","particle":"#0"},"elements":[{"from":[6.24,4.48,1.3119998],"to":[9.76,5.8879995,5.5360003],"faces":{"east":{"uv":[0.875,9.1875,1.25,9.3125],"tintindex":0,"rotation":0,"texture":"#0"},"south":{"uv":[1.9375,9.1875,2.25,9.3125],"tintindex":0,"rotation":0,"texture":"#0"},"north":{"uv":[1.25,9.1875,1.5625,9.3125],"tintindex":0,"rotation":0,"texture":"#0"},"west":{"uv":[1.5625,9.1875,1.9375,9.3125],"tintindex":0,"rotation":0,"texture":"#0"},"up":{"uv":[1.5625,9.1875,1.25,8.8125],"tintindex":0,"rotation":0,"texture":"#0"},"down":{"uv":[1.875,8.8125,1.5625,9.1875],"tintindex":0,"rotation":0,"texture":"#0"}}},{"from":[6.0992002,7.1552,5.0432005],"to":[9.9008,10.9567995,6.7327995],"faces":{"east":{"uv":[3.5625,5.8125,3.6875,6.125],"tintindex":0,"rotation":0,"texture":"#0"},"south":{"uv":[4.125,5.8125,4.4375,6.125],"tintindex":0,"rotation":0,"texture":"#0"},"north":{"uv":[3.6875,5.8125,4.0,6.125],"tintindex":0,"rotation":0,"texture":"#0"},"west":{"uv":[4.0,5.8125,4.125,6.125],"tintindex":0,"rotation":0,"texture":"#0"},"up":{"uv":[4.0,5.8125,3.6875,5.6875],"tintindex":0,"rotation":0,"texture":"#0"},"down":{"uv":[4.3125,5.6875,4.0,5.8125],"tintindex":0,"rotation":0,"texture":"#0"}},"rotation":{"origin":[8.0,8.0,6.592],"angle":-22.5,"axis":"x"}},{"from":[5.888,3.072,0.96000004],"to":[10.112,4.48,9.408],"faces":{"east":{"uv":[4.75,6.875,5.5,7.0],"tintindex":0,"rotation":0,"texture":"#0"},"south":{"uv":[6.625,6.875,7.0,7.0],"tintindex":0,"rotation":0,"texture":"#0"},"north":{"uv":[5.5,6.875,5.875,7.0],"tintindex":0,"rotation":0,"texture":"#0"},"west":{"uv":[5.875,6.875,6.625,7.0],"tintindex":0,"rotation":0,"texture":"#0"},"up":{"uv":[5.875,6.875,5.5,6.125],"tintindex":0,"rotation":0,"texture":"#0"},"down":{"uv":[6.25,6.125,5.875,6.875],"tintindex":0,"rotation":0,"texture":"#0"}}},{"from":[6.592,8.0,8.0],"to":[9.408,9.408,9.408],"faces":{"east":{"uv":[2.75,0.375,2.875,0.5],"tintindex":0,"rotation":0,"texture":"#0"},"south":{"uv":[3.25,0.375,3.5,0.5],"tintindex":0,"rotation":0,"texture":"#0"},"north":{"uv":[2.875,0.375,3.125,0.5],"tintindex":0,"rotation":0,"texture":"#0"},"west":{"uv":[3.125,0.375,3.25,0.5],"tintindex":0,"rotation":0,"texture":"#0"},"up":{"uv":[3.125,0.375,2.875,0.25],"tintindex":0,"rotation":0,"texture":"#0"},"down":{"uv":[3.375,0.25,3.125,0.375],"tintindex":0,"rotation":0,"texture":"#0"}}},{"from":[5.888,6.592,5.184],"to":[10.112,8.0,9.408],"faces":{"east":{"uv":[5.4375,8.875,5.8125,9.0],"tintindex":0,"rotation":0,"texture":"#0"},"south":{"uv":[6.5625,8.875,6.9375,9.0],"tintindex":0,"rotation":0,"texture":"#0"},"north":{"uv":[5.8125,8.875,6.1875,9.0],"tintindex":0,"rotation":0,"texture":"#0"},"west":{"uv":[6.1875,8.875,6.5625,9.0],"tintindex":0,"rotation":0,"texture":"#0"},"up":{"uv":[6.1875,8.875,5.8125,8.5],"tintindex":0,"rotation":0,"texture":"#0"},"down":{"uv":[6.5625,8.5,6.1875,8.875],"tintindex":0,"rotation":0,"texture":"#0"}}},{"from":[6.24,3.2479997,5.5360003],"to":[9.76,7.4719996,9.056],"faces":{"east":{"uv":[8.75,7.4375,9.0625,7.8125],"tintindex":0,"rotation":0,"texture":"#0"},"south":{"uv":[9.6875,7.4375,10.0,7.8125],"tintindex":0,"rotation":0,"texture":"#0"},"north":{"uv":[9.0625,7.4375,9.375,7.8125],"tintindex":0,"rotation":0,"texture":"#0"},"west":{"uv":[9.375,7.4375,9.6875,7.8125],"tintindex":0,"rotation":0,"texture":"#0"},"up":{"uv":[9.375,7.4375,9.0625,7.125],"tintindex":0,"rotation":0,"texture":"#0"},"down":{"uv":[9.6875,7.125,9.375,7.4375],"tintindex":0,"rotation":0,"texture":"#0"}}}],"display":{"head":{"rotation":[0.0,0.0,0.0]},"firstperson_righthand":{"rotation":[0.0,0.0,0.0]},"thirdperson_lefthand":{"rotation":[0.0,-0.0,-0.0]},"firstperson_lefthand":{"rotation":[0.0,-0.0,-0.0]},"fixed":{"rotation":[0.0,0.0,0.0]},"ground":{"rotation":[0.0,0.0,0.0]},"thirdperson_righthand":{"rotation":[0.0,0.0,0.0]},"gui":{"rotation":[-150.0,-45.0,180.0]}}}