{"textures":{"0":"modelengine:entity/miner_wrath_texture","particle":"#0"},"elements":[{"from":[6.79792,5.9619203,6.04992],"to":[8.93808,8.102079,10.30208],"faces":{"east":{"uv":[8.8125,8.9375,9.1875,9.125],"tintindex":0,"rotation":0,"texture":"#0"},"south":{"uv":[9.75,8.9375,9.9375,9.125],"tintindex":0,"rotation":0,"texture":"#0"},"north":{"uv":[9.1875,8.9375,9.375,9.125],"tintindex":0,"rotation":0,"texture":"#0"},"west":{"uv":[9.375,8.9375,9.75,9.125],"tintindex":0,"rotation":0,"texture":"#0"},"up":{"uv":[9.375,8.9375,9.1875,8.5625],"tintindex":0,"rotation":0,"texture":"#0"},"down":{"uv":[9.5625,8.5625,9.375,8.9375],"tintindex":0,"rotation":0,"texture":"#0"}}}],"display":{"head":{"rotation":[0.0,0.0,0.0]},"firstperson_righthand":{"rotation":[0.0,0.0,0.0]},"thirdperson_lefthand":{"rotation":[0.0,-0.0,-0.0]},"firstperson_lefthand":{"rotation":[0.0,-0.0,-0.0]},"fixed":{"rotation":[0.0,0.0,0.0]},"ground":{"rotation":[0.0,0.0,0.0]},"thirdperson_righthand":{"rotation":[0.0,0.0,0.0]},"gui":{"rotation":[-150.0,-45.0,180.0]}}}