{"textures":{"0":"modelengine:entity/miner_wrath_texture","particle":"#0"},"elements":[{"from":[7.06192,5.9619203,6.04992],"to":[9.20208,8.102079,10.30208],"faces":{"east":{"uv":[6.5625,9.25,6.9375,9.4375],"tintindex":0,"rotation":0,"texture":"#0"},"south":{"uv":[7.5,9.25,7.6875,9.4375],"tintindex":0,"rotation":0,"texture":"#0"},"north":{"uv":[6.9375,9.25,7.125,9.4375],"tintindex":0,"rotation":0,"texture":"#0"},"west":{"uv":[7.125,9.25,7.5,9.4375],"tintindex":0,"rotation":0,"texture":"#0"},"up":{"uv":[7.125,9.25,6.9375,8.875],"tintindex":0,"rotation":0,"texture":"#0"},"down":{"uv":[7.3125,8.875,7.125,9.25],"tintindex":0,"rotation":0,"texture":"#0"}}}],"display":{"head":{"rotation":[0.0,0.0,0.0]},"firstperson_righthand":{"rotation":[0.0,0.0,0.0]},"thirdperson_lefthand":{"rotation":[0.0,-0.0,-0.0]},"firstperson_lefthand":{"rotation":[0.0,-0.0,-0.0]},"fixed":{"rotation":[0.0,0.0,0.0]},"ground":{"rotation":[0.0,0.0,0.0]},"thirdperson_righthand":{"rotation":[0.0,0.0,0.0]},"gui":{"rotation":[-150.0,-45.0,180.0]}}}