{"textures":{"0":"modelengine:entity/miner_wrath_texture","particle":"#0"},"elements":[{"from":[4.1280003,6.379551,7.296],"to":[11.872,8.49155,17.152],"faces":{"east":{"uv":[2.5,4.0625,3.375,4.25],"tintindex":0,"rotation":0,"texture":"#0"},"south":{"uv":[4.9375,4.0625,5.625,4.25],"tintindex":0,"rotation":0,"texture":"#0"},"north":{"uv":[3.375,4.0625,4.0625,4.25],"tintindex":0,"rotation":0,"texture":"#0"},"west":{"uv":[4.0625,4.0625,4.9375,4.25],"tintindex":0,"rotation":0,"texture":"#0"},"up":{"uv":[4.0625,4.0625,3.375,3.1875],"tintindex":0,"rotation":0,"texture":"#0"},"down":{"uv":[4.75,3.1875,4.0625,4.0625],"tintindex":0,"rotation":0,"texture":"#0"}}},{"from":[9.056,8.49155,7.648],"to":[11.168,12.011551,16.8],"faces":{"east":{"uv":[0.0,7.625,0.8125,7.9375],"tintindex":0,"rotation":0,"texture":"#0"},"south":{"uv":[1.8125,7.625,2.0,7.9375],"tintindex":0,"rotation":0,"texture":"#0"},"north":{"uv":[0.8125,7.625,1.0,7.9375],"tintindex":0,"rotation":0,"texture":"#0"},"west":{"uv":[1.0,7.625,1.8125,7.9375],"tintindex":0,"rotation":0,"texture":"#0"},"up":{"uv":[1.0,7.625,0.8125,6.8125],"tintindex":0,"rotation":0,"texture":"#0"},"down":{"uv":[1.1875,6.8125,1.0,7.625],"tintindex":0,"rotation":0,"texture":"#0"}},"rotation":{"origin":[11.168,9.195549,11.168],"angle":45.0,"axis":"z"}},{"from":[6.24,7.0835495,6.592],"to":[9.76,9.195549,8.0],"faces":{"east":{"uv":[4.5625,4.375,4.6875,4.5625],"tintindex":0,"rotation":0,"texture":"#0"},"south":{"uv":[5.125,4.375,5.4375,4.5625],"tintindex":0,"rotation":0,"texture":"#0"},"north":{"uv":[4.6875,4.375,5.0,4.5625],"tintindex":0,"rotation":0,"texture":"#0"},"west":{"uv":[5.0,4.375,5.125,4.5625],"tintindex":0,"rotation":0,"texture":"#0"},"up":{"uv":[5.0,4.375,4.6875,4.25],"tintindex":0,"rotation":0,"texture":"#0"},"down":{"uv":[5.3125,4.25,5.0,4.375],"tintindex":0,"rotation":0,"texture":"#0"}}},{"from":[10.992001,6.5555496,7.824],"to":[11.696,9.371548,14.16],"faces":{"east":{"uv":[4.1875,8.6875,4.75,8.9375],"tintindex":0,"rotation":0,"texture":"#0"},"south":{"uv":[5.375,8.6875,5.4375,8.9375],"tintindex":0,"rotation":0,"texture":"#0"},"north":{"uv":[4.75,8.6875,4.8125,8.9375],"tintindex":0,"rotation":0,"texture":"#0"},"west":{"uv":[4.8125,8.6875,5.375,8.9375],"tintindex":0,"rotation":0,"texture":"#0"},"up":{"uv":[4.8125,8.6875,4.75,8.125],"tintindex":0,"rotation":0,"texture":"#0"},"down":{"uv":[4.875,8.125,4.8125,8.6875],"tintindex":0,"rotation":0,"texture":"#0"}},"rotation":{"origin":[11.168,9.371548,8.528],"angle":-22.5,"axis":"x"}},{"from":[4.304,6.5555496,7.824],"to":[5.008,9.371548,14.16],"faces":{"east":{"uv":[8.0625,6.875,8.625,7.125],"tintindex":0,"rotation":0,"texture":"#0"},"south":{"uv":[9.25,6.875,9.3125,7.125],"tintindex":0,"rotation":0,"texture":"#0"},"north":{"uv":[8.625,6.875,8.6875,7.125],"tintindex":0,"rotation":0,"texture":"#0"},"west":{"uv":[8.6875,6.875,9.25,7.125],"tintindex":0,"rotation":0,"texture":"#0"},"up":{"uv":[8.6875,6.875,8.625,6.3125],"tintindex":0,"rotation":0,"texture":"#0"},"down":{"uv":[8.75,6.3125,8.6875,6.875],"tintindex":0,"rotation":0,"texture":"#0"}},"rotation":{"origin":[4.832,9.371548,8.528],"angle":-22.5,"axis":"x"}},{"from":[6.9440002,8.49155,7.296],"to":[9.056,11.3075485,17.152],"faces":{"east":{"uv":[3.5,7.0,4.375,7.25],"tintindex":0,"rotation":0,"texture":"#0"},"south":{"uv":[5.4375,7.0,5.625,7.25],"tintindex":0,"rotation":0,"texture":"#0"},"north":{"uv":[4.375,7.0,4.5625,7.25],"tintindex":0,"rotation":0,"texture":"#0"},"west":{"uv":[4.5625,7.0,5.4375,7.25],"tintindex":0,"rotation":0,"texture":"#0"},"up":{"uv":[4.5625,7.0,4.375,6.125],"tintindex":0,"rotation":0,"texture":"#0"},"down":{"uv":[4.75,6.125,4.5625,7.0],"tintindex":0,"rotation":0,"texture":"#0"}}},{"from":[4.832,8.49155,7.648],"to":[7.648,12.011551,16.8],"faces":{"east":{"uv":[2.25,6.5,3.0625,6.8125],"tintindex":0,"rotation":0,"texture":"#0"},"south":{"uv":[4.125,6.5,4.375,6.8125],"tintindex":0,"rotation":0,"texture":"#0"},"north":{"uv":[3.0625,6.5,3.3125,6.8125],"tintindex":0,"rotation":0,"texture":"#0"},"west":{"uv":[3.3125,6.5,4.125,6.8125],"tintindex":0,"rotation":0,"texture":"#0"},"up":{"uv":[3.3125,6.5,3.0625,5.6875],"tintindex":0,"rotation":0,"texture":"#0"},"down":{"uv":[3.5625,5.6875,3.3125,6.5],"tintindex":0,"rotation":0,"texture":"#0"}},"rotation":{"origin":[4.832,9.195549,11.168],"angle":-45.0,"axis":"z"}}],"display":{"head":{"rotation":[0.0,0.0,0.0]},"firstperson_righthand":{"rotation":[0.0,0.0,0.0]},"thirdperson_lefthand":{"rotation":[0.0,-0.0,-0.0]},"firstperson_lefthand":{"rotation":[0.0,-0.0,-0.0]},"fixed":{"rotation":[0.0,0.0,0.0]},"ground":{"rotation":[0.0,0.0,0.0]},"thirdperson_righthand":{"rotation":[0.0,0.0,0.0]},"gui":{"rotation":[-150.0,-45.0,180.0]}}}