{"textures":{"0":"modelengine:entity/miner_wrath_texture","particle":"#0"},"elements":[{"from":[5.5360003,2.896,6.24],"to":[10.464,7.8239994,11.168],"faces":{"east":{"uv":[3.875,7.6875,4.3125,8.125],"tintindex":0,"rotation":0,"texture":"#0"},"south":{"uv":[5.1875,7.6875,5.625,8.125],"tintindex":0,"rotation":0,"texture":"#0"},"north":{"uv":[4.3125,7.6875,4.75,8.125],"tintindex":0,"rotation":0,"texture":"#0"},"west":{"uv":[4.75,7.6875,5.1875,8.125],"tintindex":0,"rotation":0,"texture":"#0"},"up":{"uv":[4.75,7.6875,4.3125,7.25],"tintindex":0,"rotation":0,"texture":"#0"},"down":{"uv":[5.1875,7.25,4.75,7.6875],"tintindex":0,"rotation":0,"texture":"#0"}}},{"from":[6.24,-2.736,6.9440002],"to":[9.76,5.712,10.464],"faces":{"east":{"uv":[1.6875,8.0625,2.0,8.8125],"tintindex":0,"rotation":0,"texture":"#0"},"south":{"uv":[2.625,8.0625,2.9375,8.8125],"tintindex":0,"rotation":0,"texture":"#0"},"north":{"uv":[2.0,8.0625,2.3125,8.8125],"tintindex":0,"rotation":0,"texture":"#0"},"west":{"uv":[2.3125,8.0625,2.625,8.8125],"tintindex":0,"rotation":0,"texture":"#0"},"up":{"uv":[2.3125,8.0625,2.0,7.75],"tintindex":0,"rotation":0,"texture":"#0"},"down":{"uv":[2.625,7.75,2.3125,8.0625],"tintindex":0,"rotation":0,"texture":"#0"}}}],"display":{"head":{"rotation":[0.0,0.0,0.0]},"firstperson_righthand":{"rotation":[0.0,0.0,0.0]},"thirdperson_lefthand":{"rotation":[0.0,-0.0,-0.0]},"firstperson_lefthand":{"rotation":[0.0,-0.0,-0.0]},"fixed":{"rotation":[0.0,0.0,0.0]},"ground":{"rotation":[0.0,0.0,0.0]},"thirdperson_righthand":{"rotation":[0.0,0.0,0.0]},"gui":{"rotation":[-150.0,-45.0,180.0]}}}