{"textures":{"0":"modelengine:entity/miner_wrath_texture","particle":"#0"},"elements":[{"from":[6.24,-2.736,6.9440002],"to":[9.76,5.712,10.464],"faces":{"east":{"uv":[2.9375,8.125,3.25,8.875],"tintindex":0,"rotation":0,"texture":"#0"},"south":{"uv":[3.875,8.125,4.1875,8.875],"tintindex":0,"rotation":0,"texture":"#0"},"north":{"uv":[3.25,8.125,3.5625,8.875],"tintindex":0,"rotation":0,"texture":"#0"},"west":{"uv":[3.5625,8.125,3.875,8.875],"tintindex":0,"rotation":0,"texture":"#0"},"up":{"uv":[3.5625,8.125,3.25,7.8125],"tintindex":0,"rotation":0,"texture":"#0"},"down":{"uv":[3.875,7.8125,3.5625,8.125],"tintindex":0,"rotation":0,"texture":"#0"}}},{"from":[5.5360003,2.896,6.24],"to":[10.464,7.8239994,11.168],"faces":{"east":{"uv":[7.375,0.4375,7.8125,0.875],"tintindex":0,"rotation":0,"texture":"#0"},"south":{"uv":[8.6875,0.4375,9.125,0.875],"tintindex":0,"rotation":0,"texture":"#0"},"north":{"uv":[7.8125,0.4375,8.25,0.875],"tintindex":0,"rotation":0,"texture":"#0"},"west":{"uv":[8.25,0.4375,8.6875,0.875],"tintindex":0,"rotation":0,"texture":"#0"},"up":{"uv":[8.25,0.4375,7.8125,0.0],"tintindex":0,"rotation":0,"texture":"#0"},"down":{"uv":[8.6875,0.0,8.25,0.4375],"tintindex":0,"rotation":0,"texture":"#0"}}}],"display":{"head":{"rotation":[0.0,0.0,0.0]},"firstperson_righthand":{"rotation":[0.0,0.0,0.0]},"thirdperson_lefthand":{"rotation":[0.0,-0.0,-0.0]},"firstperson_lefthand":{"rotation":[0.0,-0.0,-0.0]},"fixed":{"rotation":[0.0,0.0,0.0]},"ground":{"rotation":[0.0,0.0,0.0]},"thirdperson_righthand":{"rotation":[0.0,0.0,0.0]},"gui":{"rotation":[-150.0,-45.0,180.0]}}}