{"textures":{"0":"modelengine:entity/miner_wrath_texture","particle":"#0"},"elements":[{"from":[6.9440002,6.9440002,-14.0317955],"to":[9.056,9.056,-6.287795],"faces":{"east":{"uv":[7.1875,2.375,7.875,2.5625],"tintindex":0,"rotation":0,"texture":"#0"},"south":{"uv":[8.75,2.375,8.9375,2.5625],"tintindex":0,"rotation":0,"texture":"#0"},"north":{"uv":[7.875,2.375,8.0625,2.5625],"tintindex":0,"rotation":0,"texture":"#0"},"west":{"uv":[8.0625,2.375,8.75,2.5625],"tintindex":0,"rotation":0,"texture":"#0"},"up":{"uv":[8.0625,2.375,7.875,1.6875],"tintindex":0,"rotation":0,"texture":"#0"},"down":{"uv":[8.25,1.6875,8.0625,2.375],"tintindex":0,"rotation":0,"texture":"#0"}}},{"from":[1.3020003,7.6380005,-10.169796],"to":[6.9540005,8.3619995,-9.445795],"faces":{"east":{"uv":[5.625,2.4375,5.6875,2.5],"tintindex":0,"rotation":0,"texture":"#0"},"south":{"uv":[6.25,2.4375,6.75,2.5],"tintindex":0,"rotation":0,"texture":"#0"},"north":{"uv":[5.6875,2.4375,6.1875,2.5],"tintindex":0,"rotation":0,"texture":"#0"},"west":{"uv":[6.1875,2.4375,6.25,2.5],"tintindex":0,"rotation":0,"texture":"#0"},"up":{"uv":[6.1875,2.4375,5.6875,2.375],"tintindex":0,"rotation":0,"texture":"#0"},"down":{"uv":[6.6875,2.375,6.1875,2.4375],"tintindex":0,"rotation":0,"texture":"#0"}}},{"from":[-7.6639996,7.2959995,-11.743795],"to":[-0.6239996,8.704,-10.335794],"faces":{"east":{"uv":[5.5625,0.125,5.4375,0.25],"tintindex":0,"rotation":0,"texture":"#0"},"south":{"uv":[6.9375,0.125,6.3125,0.25],"tintindex":0,"rotation":0,"texture":"#0"},"north":{"uv":[6.1875,0.125,5.5625,0.25],"tintindex":0,"rotation":0,"texture":"#0"},"west":{"uv":[6.3125,0.125,6.1875,0.25],"tintindex":0,"rotation":0,"texture":"#0"},"up":{"uv":[5.5625,0.125,6.1875,0.0],"tintindex":0,"rotation":0,"texture":"#0"},"down":{"uv":[6.1875,0.0,6.8125,0.125],"tintindex":0,"rotation":0,"texture":"#0"}},"rotation":{"origin":[-0.6239996,8.0,-11.919794],"angle":45.0,"axis":"y"}},{"from":[6.9440002,6.9440002,9.904204],"to":[9.056,9.056,12.720205],"faces":{"east":{"uv":[6.8125,2.8125,7.0625,3.0],"tintindex":0,"rotation":0,"texture":"#0"},"south":{"uv":[7.5,2.8125,7.6875,3.0],"tintindex":0,"rotation":0,"texture":"#0"},"north":{"uv":[7.0625,2.8125,7.25,3.0],"tintindex":0,"rotation":0,"texture":"#0"},"west":{"uv":[7.25,2.8125,7.5,3.0],"tintindex":0,"rotation":0,"texture":"#0"},"up":{"uv":[7.25,2.8125,7.0625,2.5625],"tintindex":0,"rotation":0,"texture":"#0"},"down":{"uv":[7.4375,2.5625,7.25,2.8125],"tintindex":0,"rotation":0,"texture":"#0"}}},{"from":[1.3120003,7.2959995,-12.623795],"to":[6.9440002,8.704,-10.511795],"faces":{"east":{"uv":[5.625,7.1875,5.8125,7.3125],"tintindex":0,"rotation":0,"texture":"#0"},"south":{"uv":[6.5,7.1875,7.0,7.3125],"tintindex":0,"rotation":0,"texture":"#0"},"north":{"uv":[5.8125,7.1875,6.3125,7.3125],"tintindex":0,"rotation":0,"texture":"#0"},"west":{"uv":[6.3125,7.1875,6.5,7.3125],"tintindex":0,"rotation":0,"texture":"#0"},"up":{"uv":[6.3125,7.1875,5.8125,7.0],"tintindex":0,"rotation":0,"texture":"#0"},"down":{"uv":[6.8125,7.0,6.3125,7.1875],"tintindex":0,"rotation":0,"texture":"#0"}}},{"from":[16.624,7.2959995,-11.743795],"to":[23.664001,8.704,-10.335794],"faces":{"east":{"uv":[5.4375,0.125,5.5625,0.25],"tintindex":0,"rotation":0,"texture":"#0"},"south":{"uv":[6.3125,0.125,6.9375,0.25],"tintindex":0,"rotation":0,"texture":"#0"},"north":{"uv":[5.5625,0.125,6.1875,0.25],"tintindex":0,"rotation":0,"texture":"#0"},"west":{"uv":[6.1875,0.125,6.3125,0.25],"tintindex":0,"rotation":0,"texture":"#0"},"up":{"uv":[6.1875,0.125,5.5625,0.0],"tintindex":0,"rotation":0,"texture":"#0"},"down":{"uv":[6.8125,0.0,6.1875,0.125],"tintindex":0,"rotation":0,"texture":"#0"}},"rotation":{"origin":[16.624,8.0,-11.919794],"angle":-45.0,"axis":"y"}},{"from":[9.056,7.2959995,-12.623795],"to":[14.688,8.704,-10.511795],"faces":{"east":{"uv":[5.625,7.1875,5.8125,7.3125],"tintindex":0,"rotation":0,"texture":"#0"},"south":{"uv":[6.5,7.1875,7.0,7.3125],"tintindex":0,"rotation":0,"texture":"#0"},"north":{"uv":[5.8125,7.1875,6.3125,7.3125],"tintindex":0,"rotation":0,"texture":"#0"},"west":{"uv":[6.3125,7.1875,6.5,7.3125],"tintindex":0,"rotation":0,"texture":"#0"},"up":{"uv":[6.3125,7.1875,5.8125,7.0],"tintindex":0,"rotation":0,"texture":"#0"},"down":{"uv":[6.8125,7.0,6.3125,7.1875],"tintindex":0,"rotation":0,"texture":"#0"}}},{"from":[14.688,6.9440002,-12.623795],"to":[17.504002,9.056,-9.103796],"faces":{"east":{"uv":[3.5,9.25,3.8125,9.4375],"tintindex":0,"rotation":0,"texture":"#0"},"south":{"uv":[4.375,9.25,4.625,9.4375],"tintindex":0,"rotation":0,"texture":"#0"},"north":{"uv":[3.8125,9.25,4.0625,9.4375],"tintindex":0,"rotation":0,"texture":"#0"},"west":{"uv":[4.0625,9.25,4.375,9.4375],"tintindex":0,"rotation":0,"texture":"#0"},"up":{"uv":[4.0625,9.25,3.8125,8.9375],"tintindex":0,"rotation":0,"texture":"#0"},"down":{"uv":[4.3125,8.9375,4.0625,9.25],"tintindex":0,"rotation":0,"texture":"#0"}},"rotation":{"origin":[14.688,8.0,-12.623795],"angle":-22.5,"axis":"y"}},{"from":[4.1280003,7.6480007,-10.159796],"to":[8.352,8.351999,-9.455795],"faces":{"east":{"uv":[1.6875,5.625,1.75,5.6875],"tintindex":0,"rotation":0,"texture":"#0"},"south":{"uv":[2.1875,5.625,2.5625,5.6875],"tintindex":0,"rotation":0,"texture":"#0"},"north":{"uv":[1.75,5.625,2.125,5.6875],"tintindex":0,"rotation":0,"texture":"#0"},"west":{"uv":[2.125,5.625,2.1875,5.6875],"tintindex":0,"rotation":0,"texture":"#0"},"up":{"uv":[2.125,5.625,1.75,5.5625],"tintindex":0,"rotation":0,"texture":"#0"},"down":{"uv":[2.5,5.5625,2.125,5.625],"tintindex":0,"rotation":0,"texture":"#0"}},"rotation":{"origin":[4.1280003,8.0,-9.455795],"angle":-45.0,"axis":"y"}},{"from":[7.296,7.2959995,-14.735794],"to":[8.704,8.704,13.424205],"faces":{"east":{"uv":[0.0,2.5,2.5,2.625],"tintindex":0,"rotation":0,"texture":"#0"},"south":{"uv":[5.125,2.5,5.25,2.625],"tintindex":0,"rotation":0,"texture":"#0"},"north":{"uv":[2.5,2.5,2.625,2.625],"tintindex":0,"rotation":0,"texture":"#0"},"west":{"uv":[2.625,2.5,5.125,2.625],"tintindex":0,"rotation":0,"texture":"#0"},"up":{"uv":[2.625,2.5,2.5,0.0],"tintindex":0,"rotation":0,"texture":"#0"},"down":{"uv":[2.75,0.0,2.625,2.5],"tintindex":0,"rotation":0,"texture":"#0"}}},{"from":[-1.5039997,6.9440002,-12.623795],"to":[1.3120003,9.056,-9.103796],"faces":{"east":{"uv":[4.0625,9.25,4.375,9.4375],"tintindex":0,"rotation":0,"texture":"#0"},"south":{"uv":[4.625,9.25,4.375,9.4375],"tintindex":0,"rotation":0,"texture":"#0"},"north":{"uv":[4.0625,9.25,3.8125,9.4375],"tintindex":0,"rotation":0,"texture":"#0"},"west":{"uv":[3.8125,9.25,3.5,9.4375],"tintindex":0,"rotation":0,"texture":"#0"},"up":{"uv":[3.8125,9.25,4.0625,8.9375],"tintindex":0,"rotation":0,"texture":"#0"},"down":{"uv":[4.0625,8.9375,4.3125,9.25],"tintindex":0,"rotation":0,"texture":"#0"}},"rotation":{"origin":[1.3120003,8.0,-12.623795],"angle":22.5,"axis":"y"}},{"from":[9.046,7.6380005,-10.169796],"to":[14.698,8.3619995,-9.445795],"faces":{"east":{"uv":[1.6875,6.0625,1.75,6.125],"tintindex":0,"rotation":0,"texture":"#0"},"south":{"uv":[2.3125,6.0625,2.8125,6.125],"tintindex":0,"rotation":0,"texture":"#0"},"north":{"uv":[1.75,6.0625,2.25,6.125],"tintindex":0,"rotation":0,"texture":"#0"},"west":{"uv":[2.25,6.0625,2.3125,6.125],"tintindex":0,"rotation":0,"texture":"#0"},"up":{"uv":[2.25,6.0625,1.75,6.0],"tintindex":0,"rotation":0,"texture":"#0"},"down":{"uv":[2.75,6.0,2.25,6.0625],"tintindex":0,"rotation":0,"texture":"#0"}}},{"from":[15.92,7.6480007,-9.279795],"to":[19.96,8.351999,-8.575796],"faces":{"east":{"uv":[5.0,1.5625,5.0625,1.625],"tintindex":0,"rotation":0,"texture":"#0"},"south":{"uv":[5.75,1.5625,6.375,1.625],"tintindex":0,"rotation":0,"texture":"#0"},"north":{"uv":[5.0625,1.5625,5.6875,1.625],"tintindex":0,"rotation":0,"texture":"#0"},"west":{"uv":[5.6875,1.5625,5.75,1.625],"tintindex":0,"rotation":0,"texture":"#0"},"up":{"uv":[5.6875,1.5625,5.0625,1.5],"tintindex":0,"rotation":0,"texture":"#0"},"down":{"uv":[6.3125,1.5,5.6875,1.5625],"tintindex":0,"rotation":0,"texture":"#0"}},"rotation":{"origin":[15.92,8.0,-8.575796],"angle":-22.5,"axis":"y"}},{"from":[-4.96,7.6480007,-9.279795],"to":[0.07999992,8.351999,-8.575796],"faces":{"east":{"uv":[3.8125,2.9375,3.875,3.0],"tintindex":0,"rotation":0,"texture":"#0"},"south":{"uv":[4.5625,2.9375,5.1875,3.0],"tintindex":0,"rotation":0,"texture":"#0"},"north":{"uv":[3.875,2.9375,4.5,3.0],"tintindex":0,"rotation":0,"texture":"#0"},"west":{"uv":[4.5,2.9375,4.5625,3.0],"tintindex":0,"rotation":0,"texture":"#0"},"up":{"uv":[4.5,2.9375,3.875,2.875],"tintindex":0,"rotation":0,"texture":"#0"},"down":{"uv":[5.125,2.875,4.5,2.9375],"tintindex":0,"rotation":0,"texture":"#0"}},"rotation":{"origin":[0.07999992,8.0,-8.575796],"angle":22.5,"axis":"y"}},{"from":[7.6480002,7.6480007,-10.159796],"to":[11.872,8.351999,-9.455795],"faces":{"east":{"uv":[4.75,4.0,4.8125,4.0625],"tintindex":0,"rotation":0,"texture":"#0"},"south":{"uv":[5.25,4.0,5.625,4.0625],"tintindex":0,"rotation":0,"texture":"#0"},"north":{"uv":[4.8125,4.0,5.1875,4.0625],"tintindex":0,"rotation":0,"texture":"#0"},"west":{"uv":[5.1875,4.0,5.25,4.0625],"tintindex":0,"rotation":0,"texture":"#0"},"up":{"uv":[5.1875,4.0,4.8125,3.9375],"tintindex":0,"rotation":0,"texture":"#0"},"down":{"uv":[5.5625,3.9375,5.1875,4.0],"tintindex":0,"rotation":0,"texture":"#0"}},"rotation":{"origin":[11.872,8.0,-9.455795],"angle":45.0,"axis":"y"}}],"display":{"head":{"rotation":[0.0,0.0,0.0]},"firstperson_righthand":{"rotation":[0.0,0.0,0.0]},"thirdperson_lefthand":{"rotation":[0.0,-0.0,-0.0]},"firstperson_lefthand":{"rotation":[0.0,-0.0,-0.0]},"fixed":{"rotation":[0.0,0.0,0.0]},"ground":{"rotation":[0.0,0.0,0.0]},"thirdperson_righthand":{"rotation":[0.0,0.0,0.0]},"gui":{"rotation":[-150.0,-45.0,180.0]}}}