{"textures":{"0":"modelengine:entity/miner_wrath_texture","particle":"#0"},"elements":[{"from":[7.296,4.831999,7.296],"to":[8.704,8.351999,8.704],"faces":{"east":{"uv":[0.0,0.125,0.125,0.4375],"tintindex":0,"rotation":0,"texture":"#0"},"south":{"uv":[0.375,0.125,0.5,0.4375],"tintindex":0,"rotation":0,"texture":"#0"},"north":{"uv":[0.125,0.125,0.25,0.4375],"tintindex":0,"rotation":0,"texture":"#0"},"west":{"uv":[0.25,0.125,0.375,0.4375],"tintindex":0,"rotation":0,"texture":"#0"},"up":{"uv":[0.25,0.125,0.125,0.0],"tintindex":0,"rotation":0,"texture":"#0"},"down":{"uv":[0.375,0.0,0.25,0.125],"tintindex":0,"rotation":0,"texture":"#0"}}}],"display":{"head":{"rotation":[0.0,0.0,0.0]},"firstperson_righthand":{"rotation":[0.0,0.0,0.0]},"thirdperson_lefthand":{"rotation":[0.0,-0.0,-0.0]},"firstperson_lefthand":{"rotation":[0.0,-0.0,-0.0]},"fixed":{"rotation":[0.0,0.0,0.0]},"ground":{"rotation":[0.0,0.0,0.0]},"thirdperson_righthand":{"rotation":[0.0,0.0,0.0]},"gui":{"rotation":[-150.0,-45.0,180.0]}}}