{"textures":{"0":"modelengine:entity/bufalo3","particle":"#0"},"elements":[{"from":[7.0,-3.75,7.0],"to":[9.0,9.25,9.0],"faces":{"east":{"uv":[4.75,12.375,5.0,14.0],"tintindex":0,"rotation":0,"texture":"#0"},"south":{"uv":[5.75,12.375,6.0,14.0],"tintindex":0,"rotation":0,"texture":"#0"},"north":{"uv":[5.0,11.5,5.25,13.125],"tintindex":0,"rotation":0,"texture":"#0"},"west":{"uv":[6.0,12.375,6.25,14.0],"tintindex":0,"rotation":0,"texture":"#0"},"up":{"uv":[3.375,6.0,3.125,5.75],"tintindex":0,"rotation":0,"texture":"#0"},"down":{"uv":[3.375,6.0,3.125,6.25],"tintindex":0,"rotation":0,"texture":"#0"}}},{"from":[6.0,-9.75,8.0],"to":[10.0,8.25,8.0],"faces":{"south":{"uv":[0.0,10.625,0.5,12.875],"tintindex":0,"rotation":0,"texture":"#0"},"north":{"uv":[5.25,10.375,5.75,12.625],"tintindex":0,"rotation":0,"texture":"#0"}}}],"display":{"head":{"rotation":[0.0,0.0,0.0]},"firstperson_righthand":{"rotation":[0.0,0.0,0.0]},"thirdperson_lefthand":{"rotation":[0.0,-0.0,-0.0]},"firstperson_lefthand":{"rotation":[0.0,-0.0,-0.0]},"fixed":{"rotation":[0.0,0.0,0.0]},"ground":{"rotation":[0.0,0.0,0.0]},"thirdperson_righthand":{"rotation":[0.0,0.0,0.0]},"gui":{"rotation":[-150.0,-45.0,180.0]}}}