{"textures":{"0":"modelengine:entity/bufalo3","particle":"#0"},"elements":[{"from":[-4.0699997,16.19,3.1999998],"to":[-0.069999695,23.19,7.2],"faces":{"east":{"uv":[12.375,0.0,12.875,0.875],"tintindex":0,"rotation":0,"texture":"#0"},"south":{"uv":[3.75,12.375,4.25,13.25],"tintindex":0,"rotation":0,"texture":"#0"},"north":{"uv":[12.25,6.125,12.75,7.0],"tintindex":0,"rotation":0,"texture":"#0"},"west":{"uv":[4.25,12.375,4.75,13.25],"tintindex":0,"rotation":0,"texture":"#0"},"up":{"uv":[7.25,12.875,6.75,12.375],"tintindex":0,"rotation":0,"texture":"#0"},"down":{"uv":[7.75,12.375,7.25,12.875],"tintindex":0,"rotation":0,"texture":"#0"}}},{"from":[4.5299997,4.1900005,-6.8],"to":[11.53,12.190001,-0.8000002],"faces":{"east":{"uv":[7.625,5.75,8.375,6.75],"tintindex":0,"rotation":0,"texture":"#0"},"south":{"uv":[10.5,0.0,11.375,1.0],"tintindex":0,"rotation":0,"texture":"#0"},"north":{"uv":[2.25,5.75,3.125,6.75],"tintindex":0,"rotation":0,"texture":"#0"},"west":{"uv":[0.5,10.625,1.25,11.625],"tintindex":0,"rotation":0,"texture":"#0"},"up":{"uv":[10.375,12.375,9.5,11.625],"tintindex":0,"rotation":0,"texture":"#0"},"down":{"uv":[12.75,8.375,11.875,9.125],"tintindex":0,"rotation":0,"texture":"#0"}}},{"from":[12.53,5.49,7.2],"to":[18.53,10.49,7.2],"faces":{"south":{"uv":[11.25,11.875,12.0,12.5],"tintindex":0,"rotation":0,"texture":"#0"},"north":{"uv":[7.625,8.375,8.375,9.0],"tintindex":0,"rotation":0,"texture":"#0"}},"rotation":{"origin":[15.53,7.99,7.2],"angle":-22.5,"axis":"z"}},{"from":[15.93,16.19,3.1999998],"to":[19.93,23.19,7.2],"faces":{"east":{"uv":[3.25,12.0,3.75,12.875],"tintindex":0,"rotation":0,"texture":"#0"},"south":{"uv":[12.0,11.875,12.5,12.75],"tintindex":0,"rotation":0,"texture":"#0"},"north":{"uv":[6.0,9.0,6.5,9.875],"tintindex":0,"rotation":0,"texture":"#0"},"west":{"uv":[12.25,5.25,12.75,6.125],"tintindex":0,"rotation":0,"texture":"#0"},"up":{"uv":[8.125,7.25,7.625,6.75],"tintindex":0,"rotation":0,"texture":"#0"},"down":{"uv":[5.375,8.5,4.875,9.0],"tintindex":0,"rotation":0,"texture":"#0"}}},{"from":[-2.37,5.49,7.2],"to":[3.6299996,10.49,7.2],"faces":{"south":{"uv":[2.5,12.0,3.25,12.625],"tintindex":0,"rotation":0,"texture":"#0"},"north":{"uv":[12.0,0.875,12.75,1.5],"tintindex":0,"rotation":0,"texture":"#0"}},"rotation":{"origin":[0.62999964,7.99,7.2],"angle":22.5,"axis":"z"}},{"from":[2.5299997,4.1900005,-0.8000002],"to":[13.53,15.190001,8.2],"faces":{"east":{"uv":[4.875,9.0,6.0,10.375],"tintindex":0,"rotation":0,"texture":"#0"},"south":{"uv":[7.375,4.375,8.75,5.75],"tintindex":0,"rotation":0,"texture":"#0"},"north":{"uv":[7.375,3.0,8.75,4.375],"tintindex":0,"rotation":0,"texture":"#0"},"west":{"uv":[9.375,7.375,10.5,8.75],"tintindex":0,"rotation":0,"texture":"#0"},"up":{"uv":[1.375,10.625,0.0,9.5],"tintindex":0,"rotation":0,"texture":"#0"},"down":{"uv":[10.875,8.75,9.5,9.875],"tintindex":0,"rotation":0,"texture":"#0"}}},{"from":[8.93,11.190001,3.1999998],"to":[19.93,16.19,7.2],"faces":{"east":{"uv":[10.5,1.0,11.0,1.625],"tintindex":0,"rotation":0,"texture":"#0"},"south":{"uv":[11.625,2.75,13.0,3.375],"tintindex":0,"rotation":0,"texture":"#0"},"north":{"uv":[10.875,9.125,12.25,9.75],"tintindex":0,"rotation":0,"texture":"#0"},"west":{"uv":[11.0,1.875,11.5,2.5],"tintindex":0,"rotation":0,"texture":"#0"},"up":{"uv":[13.0,10.875,11.625,10.375],"tintindex":0,"rotation":0,"texture":"#0"},"down":{"uv":[7.125,11.875,5.75,12.375],"tintindex":0,"rotation":0,"texture":"#0"}}},{"from":[2.5299997,15.190001,1.1999998],"to":[13.53,20.19,1.1999998],"faces":{"south":{"uv":[11.625,9.75,13.0,10.375],"tintindex":0,"rotation":0,"texture":"#0"},"north":{"uv":[11.625,4.625,13.0,5.25],"tintindex":0,"rotation":0,"texture":"#0"}}},{"from":[4.5299997,-0.80999947,-6.3],"to":[11.53,4.1900005,-6.3],"faces":{"south":{"uv":[10.375,11.875,11.25,12.5],"tintindex":0,"rotation":0,"texture":"#0"},"north":{"uv":[8.5,11.875,9.375,12.5],"tintindex":0,"rotation":0,"texture":"#0"}}},{"from":[-4.0699997,11.190001,3.1999998],"to":[6.93,16.19,7.2],"faces":{"east":{"uv":[12.25,9.125,12.75,9.75],"tintindex":0,"rotation":0,"texture":"#0"},"south":{"uv":[11.625,4.0,13.0,4.625],"tintindex":0,"rotation":0,"texture":"#0"},"north":{"uv":[11.625,3.375,13.0,4.0],"tintindex":0,"rotation":0,"texture":"#0"},"west":{"uv":[6.25,12.375,6.75,13.0],"tintindex":0,"rotation":0,"texture":"#0"},"up":{"uv":[8.5,12.375,7.125,11.875],"tintindex":0,"rotation":0,"texture":"#0"},"down":{"uv":[13.25,7.875,11.875,8.375],"tintindex":0,"rotation":0,"texture":"#0"}}}],"display":{"head":{"rotation":[0.0,0.0,0.0]},"firstperson_righthand":{"rotation":[0.0,0.0,0.0]},"thirdperson_lefthand":{"rotation":[0.0,-0.0,-0.0]},"firstperson_lefthand":{"rotation":[0.0,-0.0,-0.0]},"fixed":{"rotation":[0.0,0.0,0.0]},"ground":{"rotation":[0.0,0.0,0.0]},"thirdperson_righthand":{"rotation":[0.0,0.0,0.0]},"gui":{"rotation":[-150.0,-45.0,180.0]}}}