{"textures":{"0":"modelengine:entity/bufalo3","particle":"#0"},"elements":[{"from":[4.0,0.0,10.5],"to":[12.0,0.0,17.5],"faces":{"up":{"uv":[12.375,11.875,11.375,11.0],"tintindex":0,"rotation":0,"texture":"#0"},"down":{"uv":[5.0,11.5,4.0,12.375],"tintindex":0,"rotation":0,"texture":"#0"}},"rotation":{"origin":[8.0,0.0,14.0],"angle":45.0,"axis":"x"}},{"from":[4.0,-4.0,4.5],"to":[12.0,10.0,11.5],"faces":{"east":{"uv":[9.5,9.875,10.375,11.625],"tintindex":0,"rotation":0,"texture":"#0"},"south":{"uv":[2.875,8.125,3.875,9.875],"tintindex":0,"rotation":0,"texture":"#0"},"north":{"uv":[1.875,8.125,2.875,9.875],"tintindex":0,"rotation":0,"texture":"#0"},"west":{"uv":[6.0,10.125,6.875,11.875],"tintindex":0,"rotation":0,"texture":"#0"},"up":{"uv":[11.625,4.375,10.625,3.5],"tintindex":0,"rotation":0,"texture":"#0"},"down":{"uv":[11.625,4.375,10.625,5.25],"tintindex":0,"rotation":0,"texture":"#0"}}}],"display":{"head":{"rotation":[0.0,0.0,0.0]},"firstperson_righthand":{"rotation":[0.0,0.0,0.0]},"thirdperson_lefthand":{"rotation":[0.0,-0.0,-0.0]},"firstperson_lefthand":{"rotation":[0.0,-0.0,-0.0]},"fixed":{"rotation":[0.0,0.0,0.0]},"ground":{"rotation":[0.0,0.0,0.0]},"thirdperson_righthand":{"rotation":[0.0,0.0,0.0]},"gui":{"rotation":[-150.0,-45.0,180.0]}}}