{"textures":{"0":"modelengine:entity/bufalo3","particle":"#0"},"elements":[{"from":[4.0,0.0,10.5],"to":[12.0,0.0,17.5],"faces":{"up":{"uv":[12.5,7.875,11.5,7.0],"tintindex":0,"rotation":0,"texture":"#0"},"down":{"uv":[1.5,11.625,0.5,12.5],"tintindex":0,"rotation":0,"texture":"#0"}},"rotation":{"origin":[8.0,0.0,14.0],"angle":45.0,"axis":"x"}},{"from":[4.0,-4.0,4.5000005],"to":[12.0,10.0,11.5],"faces":{"east":{"uv":[6.875,10.125,7.75,11.875],"tintindex":0,"rotation":0,"texture":"#0"},"south":{"uv":[6.625,8.375,7.625,10.125],"tintindex":0,"rotation":0,"texture":"#0"},"north":{"uv":[8.375,5.75,9.375,7.5],"tintindex":0,"rotation":0,"texture":"#0"},"west":{"uv":[7.75,10.125,8.625,11.875],"tintindex":0,"rotation":0,"texture":"#0"},"up":{"uv":[11.875,9.125,10.875,8.25],"tintindex":0,"rotation":0,"texture":"#0"},"down":{"uv":[12.0,1.0,11.0,1.875],"tintindex":0,"rotation":0,"texture":"#0"}}}],"display":{"head":{"rotation":[0.0,0.0,0.0]},"firstperson_righthand":{"rotation":[0.0,0.0,0.0]},"thirdperson_lefthand":{"rotation":[0.0,-0.0,-0.0]},"firstperson_lefthand":{"rotation":[0.0,-0.0,-0.0]},"fixed":{"rotation":[0.0,0.0,0.0]},"ground":{"rotation":[0.0,0.0,0.0]},"thirdperson_righthand":{"rotation":[0.0,0.0,0.0]},"gui":{"rotation":[-150.0,-45.0,180.0]}}}