{"textures":{"0":"modelengine:entity/bufalo3","particle":"#0"},"elements":[{"from":[4.0,-4.0,4.5000005],"to":[12.0,10.0,11.5],"faces":{"east":{"uv":[1.375,9.875,2.25,11.625],"tintindex":0,"rotation":0,"texture":"#0"},"south":{"uv":[7.625,0.0,8.625,1.75],"tintindex":0,"rotation":0,"texture":"#0"},"north":{"uv":[2.25,4.0,3.25,5.75],"tintindex":0,"rotation":0,"texture":"#0"},"west":{"uv":[2.25,9.875,3.125,11.625],"tintindex":0,"rotation":0,"texture":"#0"},"up":{"uv":[11.5,8.25,10.5,7.375],"tintindex":0,"rotation":0,"texture":"#0"},"down":{"uv":[11.625,2.625,10.625,3.5],"tintindex":0,"rotation":0,"texture":"#0"}}},{"from":[4.0,0.0,10.5],"to":[12.0,0.0,17.5],"faces":{"up":{"uv":[2.5,12.5,1.5,11.625],"tintindex":0,"rotation":0,"texture":"#0"},"down":{"uv":[12.625,1.875,11.625,2.75],"tintindex":0,"rotation":0,"texture":"#0"}},"rotation":{"origin":[8.0,0.0,14.0],"angle":45.0,"axis":"x"}}],"display":{"head":{"rotation":[0.0,0.0,0.0]},"firstperson_righthand":{"rotation":[0.0,0.0,0.0]},"thirdperson_lefthand":{"rotation":[0.0,-0.0,-0.0]},"firstperson_lefthand":{"rotation":[0.0,-0.0,-0.0]},"fixed":{"rotation":[0.0,0.0,0.0]},"ground":{"rotation":[0.0,0.0,0.0]},"thirdperson_righthand":{"rotation":[0.0,0.0,0.0]},"gui":{"rotation":[-150.0,-45.0,180.0]}}}