{"textures":{"0":"modelengine:entity/bufalo3","particle":"#0"},"elements":[{"from":[4.0,-4.0,4.5],"to":[12.0,10.0,11.5],"faces":{"east":{"uv":[8.625,10.125,9.5,11.875],"tintindex":0,"rotation":0,"texture":"#0"},"south":{"uv":[3.875,8.5,4.875,10.25],"tintindex":0,"rotation":0,"texture":"#0"},"north":{"uv":[8.375,7.5,9.375,9.25],"tintindex":0,"rotation":0,"texture":"#0"},"west":{"uv":[3.125,10.25,4.0,12.0],"tintindex":0,"rotation":0,"texture":"#0"},"up":{"uv":[11.375,11.875,10.375,11.0],"tintindex":0,"rotation":0,"texture":"#0"},"down":{"uv":[12.25,5.25,11.25,6.125],"tintindex":0,"rotation":0,"texture":"#0"}}},{"from":[4.0,0.0,10.5],"to":[12.0,0.0,17.5],"faces":{"up":{"uv":[12.25,7.0,11.25,6.125],"tintindex":0,"rotation":0,"texture":"#0"},"down":{"uv":[12.375,0.0,11.375,0.875],"tintindex":0,"rotation":0,"texture":"#0"}},"rotation":{"origin":[8.0,0.0,14.0],"angle":45.0,"axis":"x"}}],"display":{"head":{"rotation":[0.0,0.0,0.0]},"firstperson_righthand":{"rotation":[0.0,0.0,0.0]},"thirdperson_lefthand":{"rotation":[0.0,-0.0,-0.0]},"firstperson_lefthand":{"rotation":[0.0,-0.0,-0.0]},"fixed":{"rotation":[0.0,0.0,0.0]},"ground":{"rotation":[0.0,0.0,0.0]},"thirdperson_righthand":{"rotation":[0.0,0.0,0.0]},"gui":{"rotation":[-150.0,-45.0,180.0]}}}