{"textures":{"0":"modelengine:entity/bufalo3","particle":"#0"},"elements":[{"from":[4.083333,7.2083335,1.4583335],"to":[12.083334,15.208334,14.958334],"faces":{"east":{"uv":[0.0,0.0,3.375,2.0],"tintindex":0,"rotation":0,"texture":"#0"},"south":{"uv":[5.375,3.875,7.375,5.875],"tintindex":0,"rotation":0,"texture":"#0"},"north":{"uv":[5.375,1.875,7.375,3.875],"tintindex":0,"rotation":0,"texture":"#0"},"west":{"uv":[0.0,2.0,3.375,4.0],"tintindex":0,"rotation":0,"texture":"#0"},"up":{"uv":[5.375,3.375,3.375,0.0],"tintindex":0,"rotation":0,"texture":"#0"},"down":{"uv":[5.375,3.375,3.375,6.75],"tintindex":0,"rotation":0,"texture":"#0"}}},{"from":[4.583333,15.208334,6.9583335],"to":[4.583333,18.708334,14.458334],"faces":{"east":{"uv":[8.75,3.875,10.625,4.75],"tintindex":0,"rotation":0,"texture":"#0"},"west":{"uv":[8.75,4.75,10.625,5.625],"tintindex":0,"rotation":0,"texture":"#0"}},"rotation":{"origin":[4.583333,16.958334,10.708333],"angle":22.5,"axis":"z"}},{"from":[11.583333,15.208334,6.9583335],"to":[11.583333,18.708334,14.458334],"faces":{"east":{"uv":[9.125,1.75,11.0,2.625],"tintindex":0,"rotation":0,"texture":"#0"},"west":{"uv":[7.625,9.25,9.5,10.125],"tintindex":0,"rotation":0,"texture":"#0"}},"rotation":{"origin":[11.583333,16.958334,10.708333],"angle":-22.5,"axis":"z"}},{"from":[8.083334,17.708334,0.9583335],"to":[8.083334,21.208334,8.458334],"faces":{"east":{"uv":[0.0,8.625,1.875,9.5],"tintindex":0,"rotation":0,"texture":"#0"},"west":{"uv":[8.625,0.0,10.5,0.875],"tintindex":0,"rotation":0,"texture":"#0"}}},{"from":[5.583333,12.208334,8.458334],"to":[10.583333,16.708334,15.458334],"faces":{"east":{"uv":[6.625,7.25,8.375,8.375],"tintindex":0,"rotation":0,"texture":"#0"},"south":{"uv":[10.375,9.875,11.625,11.0],"tintindex":0,"rotation":0,"texture":"#0"},"north":{"uv":[4.0,10.375,5.25,11.5],"tintindex":0,"rotation":0,"texture":"#0"},"west":{"uv":[7.375,1.875,9.125,3.0],"tintindex":0,"rotation":0,"texture":"#0"},"up":{"uv":[5.375,8.5,4.125,6.75],"tintindex":0,"rotation":0,"texture":"#0"},"down":{"uv":[6.625,7.25,5.375,9.0],"tintindex":0,"rotation":0,"texture":"#0"}}},{"from":[3.2833333,8.208334,4.458333],"to":[3.2833333,11.708334,11.958333],"faces":{"east":{"uv":[9.375,5.625,11.25,6.5],"tintindex":0,"rotation":0,"texture":"#0"},"west":{"uv":[9.375,6.5,11.25,7.375],"tintindex":0,"rotation":0,"texture":"#0"}},"rotation":{"origin":[3.2833333,9.958334,8.208334],"angle":22.5,"axis":"z"}},{"from":[12.883333,8.208334,4.458333],"to":[12.883333,11.708334,11.958333],"faces":{"east":{"uv":[8.625,0.875,10.5,1.75],"tintindex":0,"rotation":0,"texture":"#0"},"west":{"uv":[8.75,3.0,10.625,3.875],"tintindex":0,"rotation":0,"texture":"#0"}},"rotation":{"origin":[12.883333,9.958334,8.208334],"angle":-22.5,"axis":"z"}},{"from":[3.5833335,12.208334,0.9583335],"to":[12.583334,17.708334,8.458334],"faces":{"east":{"uv":[2.25,6.75,4.125,8.125],"tintindex":0,"rotation":0,"texture":"#0"},"south":{"uv":[5.375,5.875,7.625,7.25],"tintindex":0,"rotation":0,"texture":"#0"},"north":{"uv":[0.0,5.875,2.25,7.25],"tintindex":0,"rotation":0,"texture":"#0"},"west":{"uv":[0.0,7.25,1.875,8.625],"tintindex":0,"rotation":0,"texture":"#0"},"up":{"uv":[2.25,5.875,0.0,4.0],"tintindex":0,"rotation":0,"texture":"#0"},"down":{"uv":[7.625,0.0,5.375,1.875],"tintindex":0,"rotation":0,"texture":"#0"}}}],"display":{"head":{"rotation":[0.0,0.0,0.0]},"firstperson_righthand":{"rotation":[0.0,0.0,0.0]},"thirdperson_lefthand":{"rotation":[0.0,-0.0,-0.0]},"firstperson_lefthand":{"rotation":[0.0,-0.0,-0.0]},"fixed":{"rotation":[0.0,0.0,0.0]},"ground":{"rotation":[0.0,0.0,0.0]},"thirdperson_righthand":{"rotation":[0.0,0.0,0.0]},"gui":{"rotation":[-150.0,-45.0,180.0]}}}