{"textures":{"0":"modelengine:entity/crocodile4","particle":"#0"},"elements":[{"from":[3.8749166,9.730667,-11.765001],"to":[12.134916,12.090667,-11.765001],"faces":{"south":{"uv":[10.0,5.125,10.875,5.375],"tintindex":0,"rotation":0,"texture":"#0"},"north":{"uv":[7.5,4.0,8.375,4.25],"tintindex":0,"rotation":0,"texture":"#0"}}},{"from":[2.2229166,5.010667,2.3950005],"to":[13.786917,9.966667,8.295],"faces":{"east":{"uv":[0.0,10.125,0.625,10.625],"tintindex":0,"rotation":0,"texture":"#0"},"south":{"uv":[9.125,2.125,10.375,2.625],"tintindex":0,"rotation":0,"texture":"#0"},"north":{"uv":[9.125,1.625,10.375,2.125],"tintindex":0,"rotation":0,"texture":"#0"},"west":{"uv":[0.625,10.125,1.25,10.625],"tintindex":0,"rotation":0,"texture":"#0"},"up":{"uv":[10.0,4.75,8.75,4.125],"tintindex":0,"rotation":0,"texture":"#0"},"down":{"uv":[10.0,4.75,8.75,5.375],"tintindex":0,"rotation":0,"texture":"#0"}}},{"from":[3.4029164,5.040167,0.034999847],"to":[12.606916,9.954866,8.2655],"faces":{"east":{"uv":[6.0,9.75,6.875,10.25],"tintindex":0,"rotation":0,"texture":"#0"},"south":{"uv":[9.125,6.375,10.125,6.875],"tintindex":0,"rotation":0,"texture":"#0"},"north":{"uv":[9.125,5.875,10.125,6.375],"tintindex":0,"rotation":0,"texture":"#0"},"west":{"uv":[1.875,9.875,2.75,10.375],"tintindex":0,"rotation":0,"texture":"#0"},"up":{"uv":[8.75,4.0,7.75,3.125],"tintindex":0,"rotation":0,"texture":"#0"},"down":{"uv":[8.125,7.875,7.125,8.75],"tintindex":0,"rotation":0,"texture":"#0"}}},{"from":[3.9634166,9.730667,-11.765001],"to":[3.9634166,12.090667,1.2150002],"faces":{"east":{"uv":[10.0,4.625,11.375,4.875],"tintindex":0,"rotation":0,"texture":"#0"},"west":{"uv":[10.0,4.875,11.375,5.125],"tintindex":0,"rotation":0,"texture":"#0"}}},{"from":[3.8749166,5.010667,-11.765001],"to":[12.134916,9.730667,1.2150002],"faces":{"east":{"uv":[8.75,5.375,10.125,5.875],"tintindex":0,"rotation":0,"texture":"#0"},"south":{"uv":[8.625,9.625,9.5,10.125],"tintindex":0,"rotation":0,"texture":"#0"},"north":{"uv":[7.75,9.625,8.625,10.125],"tintindex":0,"rotation":0,"texture":"#0"},"west":{"uv":[9.0,1.125,10.375,1.625],"tintindex":0,"rotation":0,"texture":"#0"},"up":{"uv":[6.375,8.75,5.5,7.375],"tintindex":0,"rotation":0,"texture":"#0"},"down":{"uv":[5.125,7.625,4.25,9.0],"tintindex":0,"rotation":0,"texture":"#0"}}},{"from":[12.016916,9.730667,-11.765001],"to":[12.016916,12.090667,1.2150002],"faces":{"east":{"uv":[6.125,4.0,7.5,4.25],"tintindex":0,"rotation":0,"texture":"#0"},"west":{"uv":[9.625,0.75,11.0,1.0],"tintindex":0,"rotation":0,"texture":"#0"}}}],"display":{"head":{"rotation":[0.0,0.0,0.0]},"firstperson_righthand":{"rotation":[0.0,0.0,0.0]},"thirdperson_lefthand":{"rotation":[0.0,-0.0,-0.0]},"firstperson_lefthand":{"rotation":[0.0,-0.0,-0.0]},"fixed":{"rotation":[0.0,0.0,0.0]},"ground":{"rotation":[0.0,0.0,0.0]},"thirdperson_righthand":{"rotation":[0.0,0.0,0.0]},"gui":{"rotation":[-150.0,-45.0,180.0]}}}