{"textures":{"0":"modelengine:entity/crocodile4","particle":"#0"},"elements":[{"from":[3.7519999,6.5840006,0.23166656],"to":[12.248,11.54,8.491667],"faces":{"east":{"uv":[9.5,9.875,10.375,10.375],"tintindex":0,"rotation":0,"texture":"#0"},"south":{"uv":[2.75,10.0,3.625,10.5],"tintindex":0,"rotation":0,"texture":"#0"},"north":{"uv":[6.875,9.875,7.75,10.375],"tintindex":0,"rotation":0,"texture":"#0"},"west":{"uv":[10.0,4.125,10.875,4.625],"tintindex":0,"rotation":0,"texture":"#0"},"up":{"uv":[3.125,6.375,2.25,5.5],"tintindex":0,"rotation":0,"texture":"#0"},"down":{"uv":[6.0,8.75,5.125,9.625],"tintindex":0,"rotation":0,"texture":"#0"}}},{"from":[8.708,7.764,-10.299833],"to":[12.012,11.304,-6.7598343],"faces":{"east":{"uv":[5.125,8.0,5.5,8.375],"tintindex":0,"rotation":0,"texture":"#0"},"south":{"uv":[5.125,8.375,5.5,8.75],"tintindex":0,"rotation":0,"texture":"#0"},"north":{"uv":[5.125,7.625,5.5,8.0],"tintindex":0,"rotation":0,"texture":"#0"},"west":{"uv":[6.0,8.75,6.375,9.125],"tintindex":0,"rotation":0,"texture":"#0"},"up":{"uv":[8.125,9.125,7.75,8.75],"tintindex":0,"rotation":0,"texture":"#0"},"down":{"uv":[5.125,9.0,4.75,9.375],"tintindex":0,"rotation":0,"texture":"#0"}}},{"from":[4.224,6.5840006,-11.4208355],"to":[11.776,10.124001,0.23166656],"faces":{"east":{"uv":[9.5,3.75,10.75,4.125],"tintindex":0,"rotation":0,"texture":"#0"},"south":{"uv":[10.125,3.375,10.875,3.75],"tintindex":0,"rotation":0,"texture":"#0"},"north":{"uv":[10.125,3.0,10.875,3.375],"tintindex":0,"rotation":0,"texture":"#0"},"west":{"uv":[9.5,8.0,10.75,8.375],"tintindex":0,"rotation":0,"texture":"#0"},"up":{"uv":[7.125,8.625,6.375,7.375],"tintindex":0,"rotation":0,"texture":"#0"},"down":{"uv":[8.375,1.875,7.625,3.125],"tintindex":0,"rotation":0,"texture":"#0"}}},{"from":[11.776,3.0440001,-11.568335],"to":[11.776,6.5840006,0.23166656],"faces":{"east":{"uv":[9.125,2.625,10.375,3.0],"tintindex":0,"rotation":0,"texture":"#0"},"west":{"uv":[9.125,6.875,10.375,7.25],"tintindex":0,"rotation":0,"texture":"#0"}}},{"from":[3.988,7.764,-10.299833],"to":[7.292,11.304,-6.7598343],"faces":{"east":{"uv":[9.125,7.25,9.5,7.625],"tintindex":0,"rotation":0,"texture":"#0"},"south":{"uv":[7.75,9.125,8.125,9.5],"tintindex":0,"rotation":0,"texture":"#0"},"north":{"uv":[6.0,9.125,6.375,9.5],"tintindex":0,"rotation":0,"texture":"#0"},"west":{"uv":[3.625,10.0,4.0,10.375],"tintindex":0,"rotation":0,"texture":"#0"},"up":{"uv":[1.625,10.5,1.25,10.125],"tintindex":0,"rotation":0,"texture":"#0"},"down":{"uv":[4.375,10.125,4.0,10.5],"tintindex":0,"rotation":0,"texture":"#0"}}},{"from":[4.224,3.0440001,-11.568335],"to":[4.224,6.5840006,0.23166656],"faces":{"east":{"uv":[9.5,8.375,10.75,8.75],"tintindex":0,"rotation":0,"texture":"#0"},"west":{"uv":[9.5,8.75,10.75,9.125],"tintindex":0,"rotation":0,"texture":"#0"}}}],"display":{"head":{"rotation":[0.0,0.0,0.0]},"firstperson_righthand":{"rotation":[0.0,0.0,0.0]},"thirdperson_lefthand":{"rotation":[0.0,-0.0,-0.0]},"firstperson_lefthand":{"rotation":[0.0,-0.0,-0.0]},"fixed":{"rotation":[0.0,0.0,0.0]},"ground":{"rotation":[0.0,0.0,0.0]},"thirdperson_righthand":{"rotation":[0.0,0.0,0.0]},"gui":{"rotation":[-150.0,-45.0,180.0]}}}