{"textures":{"0":"modelengine:entity/crocodile4","particle":"#0"},"elements":[{"from":[3.3389997,3.7519999,3.869999],"to":[12.543,12.248,19.21],"faces":{"east":{"uv":[6.125,3.125,7.75,4.0],"tintindex":0,"rotation":0,"texture":"#0"},"south":{"uv":[1.0,8.125,2.0,9.0],"tintindex":0,"rotation":0,"texture":"#0"},"north":{"uv":[0.0,8.125,1.0,9.0],"tintindex":0,"rotation":0,"texture":"#0"},"west":{"uv":[0.0,6.625,1.625,7.5],"tintindex":0,"rotation":0,"texture":"#0"},"up":{"uv":[3.25,8.125,2.25,6.5],"tintindex":0,"rotation":0,"texture":"#0"},"down":{"uv":[4.25,6.5,3.25,8.125],"tintindex":0,"rotation":0,"texture":"#0"}}},{"from":[8.059,12.012,5.049999],"to":[8.059,18.148,18.029999],"faces":{"east":{"uv":[2.0,8.125,3.375,8.75],"tintindex":0,"rotation":0,"texture":"#0"},"west":{"uv":[8.125,7.875,9.5,8.5],"tintindex":0,"rotation":0,"texture":"#0"}}}],"display":{"head":{"rotation":[0.0,0.0,0.0]},"firstperson_righthand":{"rotation":[0.0,0.0,0.0]},"thirdperson_lefthand":{"rotation":[0.0,-0.0,-0.0]},"firstperson_lefthand":{"rotation":[0.0,-0.0,-0.0]},"fixed":{"rotation":[0.0,0.0,0.0]},"ground":{"rotation":[0.0,0.0,0.0]},"thirdperson_righthand":{"rotation":[0.0,0.0,0.0]},"gui":{"rotation":[-150.0,-45.0,180.0]}}}