{"textures":{"0":"modelengine:entity/crocodile4","particle":"#0"},"elements":[{"from":[8.059,12.012,6.8200016],"to":[8.059,18.147999,25.700003],"faces":{"east":{"uv":[7.125,7.25,9.125,7.875],"tintindex":0,"rotation":0,"texture":"#0"},"west":{"uv":[0.0,7.5,2.0,8.125],"tintindex":0,"rotation":0,"texture":"#0"}}},{"from":[2.159,2.5720005,5.6400013],"to":[13.723,13.428,26.88],"faces":{"east":{"uv":[0.0,3.125,2.25,4.25],"tintindex":0,"rotation":0,"texture":"#0"},"south":{"uv":[7.125,6.125,8.375,7.25],"tintindex":0,"rotation":0,"texture":"#0"},"north":{"uv":[4.25,6.5,5.5,7.625],"tintindex":0,"rotation":0,"texture":"#0"},"west":{"uv":[2.25,3.125,0.0,4.25],"tintindex":0,"rotation":0,"texture":"#0"},"up":{"uv":[4.375,6.5,3.125,4.25],"tintindex":0,"rotation":0,"texture":"#0"},"down":{"uv":[5.625,4.25,4.375,6.5],"tintindex":0,"rotation":0,"texture":"#0"}}}],"display":{"head":{"rotation":[0.0,0.0,0.0]},"firstperson_righthand":{"rotation":[0.0,0.0,0.0]},"thirdperson_lefthand":{"rotation":[0.0,-0.0,-0.0]},"firstperson_lefthand":{"rotation":[0.0,-0.0,-0.0]},"fixed":{"rotation":[0.0,0.0,0.0]},"ground":{"rotation":[0.0,0.0,0.0]},"thirdperson_righthand":{"rotation":[0.0,0.0,0.0]},"gui":{"rotation":[-150.0,-45.0,180.0]}}}