{"textures":{"0":"modelengine:entity/crocodile4","particle":"#0"},"elements":[{"from":[6.7019997,6.7019997,5.6400013],"to":[9.298,9.298,10.360001],"faces":{"east":{"uv":[10.125,5.375,10.625,5.625],"tintindex":0,"rotation":0,"texture":"#0"},"south":{"uv":[8.375,4.0,8.625,4.25],"tintindex":0,"rotation":0,"texture":"#0"},"north":{"uv":[2.0,7.875,2.25,8.125],"tintindex":0,"rotation":0,"texture":"#0"},"west":{"uv":[10.125,5.625,10.625,5.875],"tintindex":0,"rotation":0,"texture":"#0"},"up":{"uv":[6.125,2.375,5.875,1.875],"tintindex":0,"rotation":0,"texture":"#0"},"down":{"uv":[6.125,2.375,5.875,2.875],"tintindex":0,"rotation":0,"texture":"#0"}}}],"display":{"head":{"rotation":[0.0,0.0,0.0]},"firstperson_righthand":{"rotation":[0.0,0.0,0.0]},"thirdperson_lefthand":{"rotation":[0.0,-0.0,-0.0]},"firstperson_lefthand":{"rotation":[0.0,-0.0,-0.0]},"fixed":{"rotation":[0.0,0.0,0.0]},"ground":{"rotation":[0.0,0.0,0.0]},"thirdperson_righthand":{"rotation":[0.0,0.0,0.0]},"gui":{"rotation":[-150.0,-45.0,180.0]}}}