{"textures":{"0":"modelengine:entity/crocodile4","particle":"#0"},"elements":[{"from":[6.7019997,6.7019997,5.6400013],"to":[9.298,9.298,10.360001],"faces":{"east":{"uv":[10.125,5.875,10.625,6.125],"tintindex":0,"rotation":0,"texture":"#0"},"south":{"uv":[9.125,7.625,9.375,7.875],"tintindex":0,"rotation":0,"texture":"#0"},"north":{"uv":[8.75,5.875,9.0,6.125],"tintindex":0,"rotation":0,"texture":"#0"},"west":{"uv":[10.125,6.125,10.625,6.375],"tintindex":0,"rotation":0,"texture":"#0"},"up":{"uv":[2.25,7.875,2.0,7.375],"tintindex":0,"rotation":0,"texture":"#0"},"down":{"uv":[1.875,10.125,1.625,10.625],"tintindex":0,"rotation":0,"texture":"#0"}}}],"display":{"head":{"rotation":[0.0,0.0,0.0]},"firstperson_righthand":{"rotation":[0.0,0.0,0.0]},"thirdperson_lefthand":{"rotation":[0.0,-0.0,-0.0]},"firstperson_lefthand":{"rotation":[0.0,-0.0,-0.0]},"fixed":{"rotation":[0.0,0.0,0.0]},"ground":{"rotation":[0.0,0.0,0.0]},"thirdperson_righthand":{"rotation":[0.0,0.0,0.0]},"gui":{"rotation":[-150.0,-45.0,180.0]}}}