{"textures":{"0":"modelengine:entity/crocodile4","particle":"#0"},"elements":[{"from":[5.168,-2.1479998,3.2800002],"to":[10.832001,8.708,10.360001],"faces":{"east":{"uv":[8.125,8.5,8.875,9.625],"tintindex":0,"rotation":0,"texture":"#0"},"south":{"uv":[0.625,9.0,1.25,10.125],"tintindex":0,"rotation":0,"texture":"#0"},"north":{"uv":[9.0,0.0,9.625,1.125],"tintindex":0,"rotation":0,"texture":"#0"},"west":{"uv":[6.375,8.625,7.125,9.75],"tintindex":0,"rotation":0,"texture":"#0"},"up":{"uv":[10.125,9.875,9.5,9.125],"tintindex":0,"rotation":0,"texture":"#0"},"down":{"uv":[10.25,0.0,9.625,0.75],"tintindex":0,"rotation":0,"texture":"#0"}}}],"display":{"head":{"rotation":[0.0,0.0,0.0]},"firstperson_righthand":{"rotation":[0.0,0.0,0.0]},"thirdperson_lefthand":{"rotation":[0.0,-0.0,-0.0]},"firstperson_lefthand":{"rotation":[0.0,-0.0,-0.0]},"fixed":{"rotation":[0.0,0.0,0.0]},"ground":{"rotation":[0.0,0.0,0.0]},"thirdperson_righthand":{"rotation":[0.0,0.0,0.0]},"gui":{"rotation":[-150.0,-45.0,180.0]}}}