{"textures":{"0":"modelengine:entity/crocodile4","particle":"#0"},"elements":[{"from":[5.1679997,-2.1479998,3.2800002],"to":[10.832,8.708,10.36],"faces":{"east":{"uv":[8.375,1.875,9.125,3.0],"tintindex":0,"rotation":0,"texture":"#0"},"south":{"uv":[0.0,9.0,0.625,10.125],"tintindex":0,"rotation":0,"texture":"#0"},"north":{"uv":[8.875,8.5,9.5,9.625],"tintindex":0,"rotation":0,"texture":"#0"},"west":{"uv":[8.375,6.125,9.125,7.25],"tintindex":0,"rotation":0,"texture":"#0"},"up":{"uv":[10.125,3.75,9.5,3.0],"tintindex":0,"rotation":0,"texture":"#0"},"down":{"uv":[10.125,7.25,9.5,8.0],"tintindex":0,"rotation":0,"texture":"#0"}}}],"display":{"head":{"rotation":[0.0,0.0,0.0]},"firstperson_righthand":{"rotation":[0.0,0.0,0.0]},"thirdperson_lefthand":{"rotation":[0.0,-0.0,-0.0]},"firstperson_lefthand":{"rotation":[0.0,-0.0,-0.0]},"fixed":{"rotation":[0.0,0.0,0.0]},"ground":{"rotation":[0.0,0.0,0.0]},"thirdperson_righthand":{"rotation":[0.0,0.0,0.0]},"gui":{"rotation":[-150.0,-45.0,180.0]}}}