{"textures":{"0":"modelengine:entity/crocodile4","particle":"#0"},"elements":[{"from":[5.168,-2.1479998,3.2800002],"to":[10.832001,8.708,10.36],"faces":{"east":{"uv":[2.0,8.75,2.75,9.875],"tintindex":0,"rotation":0,"texture":"#0"},"south":{"uv":[4.125,9.0,4.75,10.125],"tintindex":0,"rotation":0,"texture":"#0"},"north":{"uv":[1.25,9.0,1.875,10.125],"tintindex":0,"rotation":0,"texture":"#0"},"west":{"uv":[8.75,3.0,9.5,4.125],"tintindex":0,"rotation":0,"texture":"#0"},"up":{"uv":[5.375,10.375,4.75,9.625],"tintindex":0,"rotation":0,"texture":"#0"},"down":{"uv":[6.0,9.625,5.375,10.375],"tintindex":0,"rotation":0,"texture":"#0"}}}],"display":{"head":{"rotation":[0.0,0.0,0.0]},"firstperson_righthand":{"rotation":[0.0,0.0,0.0]},"thirdperson_lefthand":{"rotation":[0.0,-0.0,-0.0]},"firstperson_lefthand":{"rotation":[0.0,-0.0,-0.0]},"fixed":{"rotation":[0.0,0.0,0.0]},"ground":{"rotation":[0.0,0.0,0.0]},"thirdperson_righthand":{"rotation":[0.0,0.0,0.0]},"gui":{"rotation":[-150.0,-45.0,180.0]}}}