{"textures":{"0":"modelengine:entity/crocodile4","particle":"#0"},"elements":[{"from":[5.1679997,-2.1479998,3.2800002],"to":[10.832,8.708,10.360001],"faces":{"east":{"uv":[2.25,3.125,3.0,4.25],"tintindex":0,"rotation":0,"texture":"#0"},"south":{"uv":[7.125,8.75,7.75,9.875],"tintindex":0,"rotation":0,"texture":"#0"},"north":{"uv":[2.75,8.75,3.375,9.875],"tintindex":0,"rotation":0,"texture":"#0"},"west":{"uv":[3.375,8.125,4.125,9.25],"tintindex":0,"rotation":0,"texture":"#0"},"up":{"uv":[2.25,7.375,1.625,6.625],"tintindex":0,"rotation":0,"texture":"#0"},"down":{"uv":[4.0,9.25,3.375,10.0],"tintindex":0,"rotation":0,"texture":"#0"}}}],"display":{"head":{"rotation":[0.0,0.0,0.0]},"firstperson_righthand":{"rotation":[0.0,0.0,0.0]},"thirdperson_lefthand":{"rotation":[0.0,-0.0,-0.0]},"firstperson_lefthand":{"rotation":[0.0,-0.0,-0.0]},"fixed":{"rotation":[0.0,0.0,0.0]},"ground":{"rotation":[0.0,0.0,0.0]},"thirdperson_righthand":{"rotation":[0.0,0.0,0.0]},"gui":{"rotation":[-150.0,-45.0,180.0]}}}