{"textures":{"0":"modelengine:entity/crocodile4","particle":"#0"},"elements":[{"from":[4.53375,5.21225,-5.865],"to":[11.49575,11.23025,8.885],"faces":{"east":{"uv":[3.0,3.0,6.125,4.25],"tintindex":0,"rotation":0,"texture":"#0"},"south":{"uv":[5.625,6.125,7.125,7.375],"tintindex":0,"rotation":0,"texture":"#0"},"north":{"uv":[6.125,1.875,7.625,3.125],"tintindex":0,"rotation":0,"texture":"#0"},"west":{"uv":[0.0,4.25,3.125,5.5],"tintindex":0,"rotation":0,"texture":"#0"},"up":{"uv":[1.5,3.125,0.0,0.0],"tintindex":0,"rotation":0,"texture":"#0"},"down":{"uv":[3.0,0.0,1.5,3.125],"tintindex":0,"rotation":0,"texture":"#0"}}},{"from":[5.0057497,11.11225,-5.865],"to":[5.0057497,14.18025,8.885],"faces":{"east":{"uv":[5.875,0.625,9.0,1.25],"tintindex":0,"rotation":0,"texture":"#0"},"west":{"uv":[5.875,1.25,9.0,1.875],"tintindex":0,"rotation":0,"texture":"#0"}}},{"from":[8.07375,11.11225,-5.865],"to":[8.07375,14.18025,8.885],"faces":{"east":{"uv":[5.625,5.5,8.75,6.125],"tintindex":0,"rotation":0,"texture":"#0"},"west":{"uv":[5.875,0.0,9.0,0.625],"tintindex":0,"rotation":0,"texture":"#0"}}},{"from":[10.90575,11.11225,-5.865],"to":[10.90575,14.18025,8.885],"faces":{"east":{"uv":[5.625,4.25,8.75,4.875],"tintindex":0,"rotation":0,"texture":"#0"},"west":{"uv":[5.625,4.875,8.75,5.5],"tintindex":0,"rotation":0,"texture":"#0"}}}],"display":{"head":{"rotation":[0.0,0.0,0.0]},"firstperson_righthand":{"rotation":[0.0,0.0,0.0]},"thirdperson_lefthand":{"rotation":[0.0,-0.0,-0.0]},"firstperson_lefthand":{"rotation":[0.0,-0.0,-0.0]},"fixed":{"rotation":[0.0,0.0,0.0]},"ground":{"rotation":[0.0,0.0,0.0]},"thirdperson_righthand":{"rotation":[0.0,0.0,0.0]},"gui":{"rotation":[-150.0,-45.0,180.0]}}}