{
    "providers": [

		{"type": "bitmap","file": "item/ui/space.png","ascent": -32768,"height": -3,"chars": ["⻔"]},
		{"type": "bitmap","file": "item/ui/space.png","ascent": -32768,"height": -3,"chars": [""]},
		{"type": "bitmap","file": "item/ui/coin.png","ascent": 11,"height": 15,"chars": [""]},
		{"type": "bitmap","file": "item/ui/bossbar/bossbar.png","ascent": 8,"height": 24,"chars": ["お"]},
		{"type": "bitmap","file": "item/ui/chest.png","ascent":20,"height":256,"chars":[""]},
		{"type": "bitmap","file": "item/ui/large_chest.png","ascent":20,"height":256,"chars":[""]},

		{"type": "bitmap","file": "item/ui/welcome_image.png","ascent": 25,"height": 90,"chars": [""]},
		{"type": "bitmap","file": "item/ui/welcome_title.png","ascent": 30,"height": 60,"chars": ["섑섒",""]},

		{"type": "bitmap","file": "item/ui/enchanted_book.png","ascent": 8,"height": 11,"chars": [""]},

		{"type": "bitmap","file": "item/ui/exit_screen/exit_header.png","ascent": 89,"height": 90,"chars": [""]},
		{"type": "bitmap","file": "item/ui/exit_screen/exit_footer.png","ascent": 7,"height": 108,"chars": [""]},

		{"type": "bitmap","file": "item/ui/armor_titles/thunderguard_cap.png","ascent": 7,"height": 10,"chars": [""]},
		{"type": "bitmap","file": "item/ui/armor_titles/thunderguard_tunic.png","ascent": 7,"height": 10,"chars": [""]},
		{"type": "bitmap","file": "item/ui/armor_titles/thunderguard_pants.png","ascent": 7,"height": 10,"chars": [""]},
		{"type": "bitmap","file": "item/ui/armor_titles/thunderguard_boots.png","ascent": 7,"height": 10,"chars": [""]},


		{"type": "bitmap","file": "item/ui/chat_tags/red_chat_tag.png","ascent": 7,"height": 7,"chars": [""]},
		{"type": "bitmap","file": "item/ui/chat_tags/green_chat_tag.png","ascent": 7,"height": 7,"chars": [""]},
		{"type": "bitmap","file": "item/ui/chat_tags/orange_chat_tag.png","ascent": 7,"height": 7,"chars": [""]},
		{"type": "bitmap","file": "item/ui/chat_tags/purple_chat_tag.png","ascent": 7,"height": 7,"chars": [""]},
		{"type": "bitmap","file": "item/ui/chat_tags/red_chat_info.png","ascent": 7,"height": 8,"chars": [""]},
		{"type": "bitmap","file": "item/ui/chat_tags/green_chat_info.png","ascent": 7,"height": 8,"chars": [""]},
		{"type": "bitmap","file": "item/ui/chat_tags/orange_chat_info.png","ascent": 7,"height": 8,"chars": [""]},
		{"type": "bitmap","file": "item/ui/chat_tags/pink_chat_info.png","ascent": 7,"height": 8,"chars": [""]},


		{"type": "bitmap","file": "item/ui/clicks/left_click.png","ascent": 7,"height": 7,"chars": [""]},
		{"type": "bitmap","file": "item/ui/clicks/right_click.png","ascent": 7,"height": 7,"chars": [""]},
		{"type": "bitmap","file": "item/ui/clicks/red_left_click.png","ascent": 7,"height": 7,"chars": [""]},
		{"type": "bitmap","file": "item/ui/clicks/red_right_click.png","ascent": 7,"height": 7,"chars": [""]},
		{"type": "bitmap","file": "item/ui/clicks/gray_left_click.png","ascent": 7,"height": 7,"chars": [""]},
		{"type": "bitmap","file": "item/ui/clicks/gray_right_click.png","ascent": 7,"height": 7,"chars": [""]},
		{"type": "bitmap","file": "item/ui/clicks/green_left_click.png","ascent": 7,"height": 7,"chars": [""]},
		{"type": "bitmap","file": "item/ui/clicks/green_right_click.png","ascent": 7,"height": 7,"chars": [""]},
		
		
		{"type": "bitmap","file": "item/ui/icons/compass.png","ascent": 10,"height": 12,"chars": [""]},
		{"type": "bitmap","file": "item/ui/icons/dice.png","ascent": 7,"height": 10,"chars": [""]},
		{"type": "bitmap","file": "item/ui/icons/earth.png","ascent": 7,"height": 10,"chars": [""]},
		{"type": "bitmap","file": "item/ui/icons/heart.png","ascent": 7,"height": 10,"chars": [""]},
		{"type": "bitmap","file": "item/ui/icons/pickaxe.png","ascent": 8,"height": 10,"chars": [""]},
		{"type": "bitmap","file": "item/ui/icons/ping.png","ascent": 8,"height": 10,"chars": [""]},
		{"type": "bitmap","file": "item/ui/icons/sword.png","ascent": 8,"height": 10,"chars": [""]},

		
		{"type": "bitmap","file": "item/ui/links/links_image.png","ascent": 35,"height": 100,"chars": [""]},
		{"type": "bitmap","file": "item/ui/links/links_title1.png","ascent": 30,"height": 60,"chars": ["",""]},
		{"type": "bitmap","file": "item/ui/links/links_title2.png","ascent": 30,"height": 60,"chars": ["",""]},


		{"type": "bitmap","file": "item/ui/npcs/sylvia.png","ascent": 25,"height": 90,"chars": [""]},
		{"type": "bitmap","file": "item/ui/npcs/august.png","ascent": 25,"height": 90,"chars": [""]},
		{"type": "bitmap","file": "item/ui/npcs/cassian.png","ascent": 25,"height": 90,"chars": [""]},
		{"type": "bitmap","file": "item/ui/npcs/gandalf.png","ascent": 25,"height": 90,"chars": [""]},
		{"type": "bitmap","file": "item/ui/npcs/marcus.png","ascent": 25,"height": 90,"chars": [""]},
		{"type": "bitmap","file": "item/ui/npcs/mark.png","ascent": 25,"height": 90,"chars": [""]},
		{"type": "bitmap","file": "item/ui/npcs/noah.png","ascent": 25,"height": 90,"chars": [""]},
		{"type": "bitmap","file": "item/ui/npcs/petra.png","ascent": 25,"height": 90,"chars": [""]},
		{"type": "bitmap","file": "item/ui/npcs/thyra.png","ascent": 25,"height": 90,"chars": [""]},


		{"type": "bitmap","file": "item/ui/ranks/adventurer.png","ascent":8,"height":9,"chars":[""]},
		{"type": "bitmap","file": "item/ui/ranks/twitch.png","ascent":8,"height":9,"chars":[""]},
		{"type": "bitmap","file": "item/ui/ranks/tiktok.png","ascent":8,"height":9,"chars":[""]},
		{"type": "bitmap","file": "item/ui/ranks/youtube.png","ascent":8,"height":9,"chars":[""]},
		{"type": "bitmap","file": "item/ui/ranks/vip.png","ascent":8,"height":9,"chars":[""]},
		{"type": "bitmap","file": "item/ui/ranks/mvp.png","ascent":8,"height":9,"chars":[""]},
		{"type": "bitmap","file": "item/ui/ranks/pro.png","ascent":8,"height":9,"chars":[""]},
		{"type": "bitmap","file": "item/ui/ranks/helper.png","ascent":8,"height":9,"chars":[""]},
		{"type": "bitmap","file": "item/ui/ranks/mod.png","ascent":8,"height":9,"chars":[""]},
		{"type": "bitmap","file": "item/ui/ranks/admin.png","ascent":8,"height":9,"chars":[""]},
		{"type": "bitmap","file": "item/ui/ranks/developer.png","ascent":8,"height":9,"chars":[""]},
		{"type": "bitmap","file": "item/ui/ranks/owner.png","ascent":8,"height":9,"chars":[""]},


	    {"type": "bitmap","file": "item/ui/scoreboard/overlay.png","ascent":128,"height":128,"chars":[""]},
		{"type": "bitmap","file": "item/ui/scoreboard/overlay2.png","ascent":128,"height":128,"chars":[""]},
		{"type": "bitmap","file": "item/ui/scoreboard/rank.png","ascent": 7,"height": 9,"chars": [""]},
		{"type": "bitmap","file": "item/ui/scoreboard/pvp.png","ascent": 7,"height": 9,"chars": [""]},
		{"type": "bitmap","file": "item/ui/scoreboard/time_played.png","ascent": 7,"height": 9,"chars": [""]},
		
		
		{"type": "bitmap","file": "item/ui/tab/logo.png","ascent": 30,"height": 60,"chars": ["","섏섐"]},
		{"type": "bitmap","file": "item/ui/tab/logo_anim1.png","ascent": 30,"height": 60,"chars": ["",""]},
		{"type": "bitmap","file": "item/ui/tab/logo_anim2.png","ascent": 30,"height": 60,"chars": ["",""]},
		{"type": "bitmap","file": "item/ui/tab/logo_anim3.png","ascent": 30,"height": 60,"chars": ["",""]},
		{"type": "bitmap","file": "item/ui/tab/logo_anim4.png","ascent": 30,"height": 60,"chars": ["",""]},
		{"type": "bitmap","file": "item/ui/tab/logo_anim5.png","ascent": 30,"height": 60,"chars": ["",""]},
		{"type": "bitmap","file": "item/ui/tab/logo_anim6.png","ascent": 30,"height": 60,"chars": ["",""]},
		{"type": "bitmap","file": "item/ui/tab/logo_anim7.png","ascent": 30,"height": 60,"chars": ["",""]},
		{"type": "bitmap","file": "item/ui/tab/logo_anim8.png","ascent": 30,"height": 60,"chars": ["",""]},
		{"type": "bitmap","file": "item/ui/tab/logo_anim9.png","ascent": 30,"height": 60,"chars": ["",""]},
		{"type": "bitmap","file": "item/ui/tab/logo_anim10.png","ascent": 30,"height": 60,"chars": ["",""]},
		{"type": "bitmap","file": "item/ui/tab/logo_anim11.png","ascent": 30,"height": 60,"chars": ["",""]},
		{"type": "bitmap","file": "item/ui/tab/logo_anim12.png","ascent": 30,"height": 60,"chars": ["",""]},
		{"type": "bitmap","file": "item/ui/tab/logo_anim13.png","ascent": 30,"height": 60,"chars": ["",""]},
		{"type": "bitmap","file": "item/ui/tab/logo_anim14.png","ascent": 30,"height": 60,"chars": ["",""]},
		{"type": "bitmap","file": "item/ui/tab/logo_anim15.png","ascent": 30,"height": 60,"chars": ["",""]},
		{"type": "bitmap","file": "item/ui/tab/logo_anim16.png","ascent": 30,"height": 60,"chars": ["",""]},
		{"type": "bitmap","file": "item/ui/tab/logo_anim17.png","ascent": 30,"height": 60,"chars": ["",""]},
		{"type": "bitmap","file": "item/ui/tab/logo_anim18.png","ascent": 30,"height": 60,"chars": ["",""]},
		{"type": "bitmap","file": "item/ui/tab/logo_anim19.png","ascent": 30,"height": 60,"chars": ["",""]},
		{"type": "bitmap","file": "item/ui/tab/logo_anim20.png","ascent": 30,"height": 60,"chars": ["",""]},
		{"type": "bitmap","file": "item/ui/tab/logo_anim21.png","ascent": 30,"height": 60,"chars": ["",""]},


		{"type": "bitmap","file": "item/ui/ranks/badges/twitch.png","ascent":8,"height":9,"chars":[""]},
		{"type": "bitmap","file": "item/ui/ranks/badges/tiktok.png","ascent":8,"height":9,"chars":[""]},
		{"type": "bitmap","file": "item/ui/ranks/badges/youtube.png","ascent":8,"height":9,"chars":[""]},
		{"type": "bitmap","file": "item/ui/ranks/badges/vip.png","ascent":8,"height":9,"chars":[""]},
		{"type": "bitmap","file": "item/ui/ranks/badges/mvp.png","ascent":8,"height":9,"chars":[""]},
		{"type": "bitmap","file": "item/ui/ranks/badges/pro.png","ascent":8,"height":9,"chars":[""]},
		{"type": "bitmap","file": "item/ui/ranks/badges/helper.png","ascent":8,"height":9,"chars":[""]},
		{"type": "bitmap","file": "item/ui/ranks/badges/mod.png","ascent":8,"height":9,"chars":[""]},
		{"type": "bitmap","file": "item/ui/ranks/badges/admin.png","ascent":8,"height":9,"chars":[""]},
		{"type": "bitmap","file": "item/ui/ranks/badges/developer.png","ascent":8,"height":9,"chars":[""]},
		{"type": "bitmap","file": "item/ui/ranks/badges/owner.png","ascent":8,"height":9,"chars":[""]},

		{"type": "bitmap","file": "item/auction_menu/auction_house.png","ascent":19,"height":256,"chars":[""]},
		{"type": "bitmap","file":"item/auction_menu/auction_browser.png","ascent":19,"height":256,"chars":[""]},
		{"type": "bitmap","file":"item/auction_menu/auction_manager.png","ascent":19,"height":256,"chars":[""]},
		{"type": "bitmap","file":"item/auction_menu/auction_creator.png","ascent":19,"height":256,"chars":[""]},
		{"type": "bitmap","file":"item/auction_menu/auction_duration.png","ascent":19,"height":256,"chars":[""]},
		{"type": "bitmap","file":"item/auction_menu/auction_confirm.png","ascent":19,"height":256,"chars":[""]},
		{"type": "bitmap","file":"item/auction_menu/auction_view.png","ascent":19,"height":256,"chars":[""]},


		{"type": "bitmap","file": "item/battlepass_menu/battlepass.png","ascent":19,"height":256,"chars":[""]},
		{"type": "bitmap","file": "item/battlepass_menu/battlepass2.png","ascent":19,"height":256,"chars":[""]},
		{"type": "bitmap","file": "item/battlepass_menu/battlepass3.png","ascent":19,"height":256,"chars":[""]},
		{"type": "bitmap","file": "item/battlepass_menu/battlepass4.png","ascent":19,"height":256,"chars":[""]},
		{"type": "bitmap","file": "item/battlepass_menu/battlepass5.png","ascent":19,"height":256,"chars":[""]},
		{"type": "bitmap","file": "item/battlepass_menu/battlepass6.png","ascent":19,"height":256,"chars":[""]},
		{"type": "bitmap","file": "item/battlepass_menu/free_pass.png","ascent":7,"height":10,"chars":[""]},
		{"type": "bitmap","file": "item/battlepass_menu/premium_pass.png","ascent":7,"height":10,"chars":[""]},
		{"type": "bitmap","file": "item/battlepass_menu/the_rift.png","ascent":7,"height":13,"chars":[""]},

		{"type": "bitmap","file": "item/casino/blackjack/menu_blackjack.png","ascent":19,"height":256,"chars":[""]},
		{"type": "bitmap","file": "item/casino/blackjack/bet_blackjack.png","ascent":19,"height":256,"chars":[""]},
		{"type": "bitmap","file": "item/casino/bets.png","ascent":19,"height":256,"chars":[""]},
		{"type": "bitmap","file": "item/casino/slots/slot.png","ascent":18,"height":256,"chars":[""]},
		{"type": "bitmap","file": "item/casino/crash/crash_waiting.png","ascent":19,"height":256,"chars":[""]},
		{"type": "bitmap","file": "item/casino/crash/crash_crashed.png","ascent":19,"height":256,"chars":[""]},
		{"type": "bitmap","file": "item/casino/crash/crash_started.png","ascent":19,"height":256,"chars":[""]},
		{"type": "bitmap","file": "item/casino/crash/crash_remove.png","ascent":19,"height":256,"chars":[""]},
		{"type": "bitmap","file": "item/casino/roulette/roulette.png","ascent":19,"height":256,"chars":[""]},
		{"type": "bitmap","file": "item/casino/roulette/roulette2.png","ascent":19,"height":256,"chars":[""]},
		{"type": "bitmap","file": "item/casino/lottery/lottery_bets.png","ascent":19,"height":256,"chars":[""]},
		{"type": "bitmap","file": "item/casino/lottery/lottery_start.png","ascent":19,"height":256,"chars":[""]},
		{"type": "bitmap","file": "item/casino/lottery/lottery_remove.png","ascent":19,"height":256,"chars":[""]},
		{"type": "bitmap","file": "item/casino/titles/blackjack.png","ascent": 30,"height": 60,"chars": ["",""]},
		{"type": "bitmap","file": "item/casino/titles/lottery.png","ascent": 30,"height": 60,"chars": ["",""]},
		{"type": "bitmap","file": "item/casino/titles/slots.png","ascent": 30,"height": 60,"chars": ["",""]},
		{"type": "bitmap","file": "item/casino/titles/crash.png","ascent": 30,"height": 60,"chars": ["",""]},
		{"type": "bitmap","file": "item/casino/titles/bet.png","ascent":8,"height":13,"chars":[""]},
		{"type": "bitmap","file": "item/casino/titles/custom_amount.png","ascent":8,"height":13,"chars":[""]},
		{"type": "bitmap","file": "item/casino/titles/hit.png","ascent":8,"height":13,"chars":[""]},
		{"type": "bitmap","file": "item/casino/titles/join_crash.png","ascent":8,"height":13,"chars":[""]},
		{"type": "bitmap","file": "item/casino/titles/join_lottery.png","ascent":8,"height":13,"chars":[""]},
		{"type": "bitmap","file": "item/casino/titles/remove_bet.png","ascent":8,"height":13,"chars":[""]},
		{"type": "bitmap","file": "item/casino/titles/spin.png","ascent":8,"height":13,"chars":[""]},
		{"type": "bitmap","file": "item/casino/titles/stand.png","ascent":8,"height":13,"chars":[""]},
		{"type": "bitmap","file": "item/casino/titles/stop.png","ascent":8,"height":13,"chars":[""]},
		{"type": "bitmap","file": "item/casino/titles/stop_red.png","ascent":8,"height":13,"chars":[""]},


		{"type": "bitmap","file": "item/crates/titles/daily_title.png","ascent":8,"height":10,"chars":[""]},
		{"type": "bitmap","file": "item/crates/titles/balanced_title.png","ascent":8,"height":10,"chars":[""]},
		{"type": "bitmap","file": "item/crates/titles/diversity_title.png","ascent":8,"height":10,"chars":[""]},
		{"type": "bitmap","file": "item/crates/titles/epic_title.png","ascent":8,"height":10,"chars":[""]},
		{"type": "bitmap","file": "item/crates/titles/vote_title.png","ascent":8,"height":10,"chars":[""]},

		{"type": "bitmap","file":"item/crates/preview/daily_crate.png","ascent":19,"height":256,"chars":[""]},
		{"type": "bitmap","file":"item/crates/preview/balanced_crate.png","ascent":19,"height":256,"chars":[""]},
		{"type": "bitmap","file":"item/crates/preview/diversity_crate.png","ascent":19,"height":256,"chars":[""]},
		{"type": "bitmap","file":"item/crates/preview/epic_crate.png","ascent":19,"height":256,"chars":[""]},
		{"type": "bitmap","file":"item/crates/preview/vote_crate.png","ascent":19,"height":256,"chars":[""]},
		
		{"type": "bitmap","file":"item/crates/opening/daily_crate.png","ascent":19,"height":256,"chars":[""]},
		{"type": "bitmap","file":"item/crates/opening/balanced_crate.png","ascent":19,"height":256,"chars":[""]},
		{"type": "bitmap","file":"item/crates/opening/diversity_crate.png","ascent":19,"height":256,"chars":[""]},
		{"type": "bitmap","file":"item/crates/opening/epic_crate.png","ascent":19,"height":256,"chars":[""]},
		{"type": "bitmap","file":"item/crates/opening/vote_crate_opening.png","ascent":19,"height":256,"chars":[""]},

		{"type": "bitmap","file": "item/crates/keys/daily_key.png","ascent":7,"height":8,"chars":["ⶼ"]},
        {"type": "bitmap","file": "item/crates/keys/balanced_key.png","ascent":7,"height":8,"chars":["ⶽ"]},
        {"type": "bitmap","file": "item/crates/keys/diversity_key.png","ascent":7,"height":8,"chars":["ⶾ"]},
        {"type": "bitmap","file": "item/crates/keys/epic_key.png","ascent":7,"height":8,"chars":["⶿"]},
        {"type": "bitmap","file": "item/crates/keys/vote_key.png","ascent":7,"height":8,"chars":[""]},

		{"type": "bitmap","file": "item/crates/keys/daily_key_title.png","ascent":7,"height":10,"chars":[""]},
		{"type": "bitmap","file": "item/crates/keys/balanced_key_title.png","ascent":7,"height":10,"chars":[""]},
		{"type": "bitmap","file": "item/crates/keys/diversity_key_title.png","ascent":7,"height":10,"chars":[""]},
		{"type": "bitmap","file": "item/crates/keys/epic_key_title.png","ascent":7,"height":10,"chars":[""]},
		{"type": "bitmap","file": "item/crates/keys/vote_key_title.png","ascent":7,"height":10,"chars":[""]},


		{"type": "bitmap","file": "item/dungeons/easy_key_title.png","ascent":7,"height":10,"chars":[""]},
		{"type": "bitmap","file": "item/dungeons/medium_key_title.png","ascent":7,"height":10,"chars":[""]},
		{"type": "bitmap","file": "item/dungeons/hard_key_title.png","ascent":7,"height":10,"chars":[""]},
		{"type": "bitmap","file": "item/dungeons/dungeons.png","ascent":19,"height":256,"chars":[""]},


		{"type": "bitmap","file": "item/emojis/clown.png","ascent": 8,"height": 8,"chars": ["⼔"]},
		{"type": "bitmap","file": "item/emojis/dead.png","ascent": 8,"height": 8,"chars": ["⼕"]},
		{"type": "bitmap","file": "item/emojis/eyes.png","ascent": 8,"height": 8,"chars": ["⼖"]},
		{"type": "bitmap","file": "item/emojis/flushed.png","ascent": 8,"height": 8,"chars": ["⼗"]},
		{"type": "bitmap","file": "item/emojis/forme.png","ascent": 8,"height": 8,"chars": ["⼘"]},
		{"type": "bitmap","file": "item/emojis/hearteyes.png","ascent": 8,"height": 8,"chars": ["⼙"]},
		{"type": "bitmap","file": "item/emojis/laugh.png","ascent": 8,"height": 8,"chars": ["⼚"]},
		{"type": "bitmap","file": "item/emojis/look.png","ascent": 8,"height": 8,"chars": ["⼛"]},
		{"type": "bitmap","file": "item/emojis/money.png","ascent": 8,"height": 8,"chars": ["⼜"]},
		{"type": "bitmap","file": "item/emojis/ohyeah.png","ascent": 8,"height": 8,"chars": ["⼝"]},
		{"type": "bitmap","file": "item/emojis/party.png","ascent": 8,"height": 8,"chars": ["⼞"]},
		{"type": "bitmap","file": "item/emojis/shock.png","ascent": 8,"height": 8,"chars": ["⼠"]},
		{"type": "bitmap","file": "item/emojis/sick.png","ascent": 8,"height": 8,"chars": ["⼡"]},
		{"type": "bitmap","file": "item/emojis/thumbsup.png","ascent": 8,"height": 8,"chars": ["⼢"]},
		{"type": "bitmap","file": "item/emojis/thumbsdown.png","ascent": 8,"height": 8,"chars": ["⼣"]},
		{"type": "bitmap","file": "item/emojis/unamused.png","ascent": 8,"height": 8,"chars": ["⼤"]},
		{"type": "bitmap","file": "item/emojis/sunglasses.png","ascent": 8,"height": 8,"chars": ["⼥"]},
		

		{"type": "bitmap","file": "item/guide_menu/gui_server_guide.png","ascent":19,"height":256,"chars":[""]},
		{"type": "bitmap","file": "item/guide_menu/gui2_server_guide.png","ascent":19,"height":256,"chars":[""]},


		{"type": "bitmap","file": "item/jobs_menu/jobs.png","ascent":19,"height":256,"chars":[""]},
		{"type": "bitmap","file": "item/jobs_menu/level.png","ascent":9,"height":11,"chars":[""]},
		{"type": "bitmap","file": "item/jobs_menu/experience.png","ascent":9,"height":11,"chars":[""]},
		{"type": "bitmap","file": "item/jobs_menu/titles/max_jobs.png","ascent":7,"height":10,"chars":[""]},


		{"type": "bitmap","file": "item/kits_menu/gui_kits.png","ascent":20,"height":256,"chars":[""]},
		{"type": "bitmap","file": "item/kits_menu/gui2_kits.png","ascent":20,"height":256,"chars":[""]},
		{"type": "bitmap","file": "item/kits_menu/gui3_kits.png","ascent":20,"height":256,"chars":[""]},
		{"type": "bitmap","file": "item/kits_menu/titles/redeem_button.png","ascent":7,"height":13,"chars":[""]},
		{"type": "bitmap","file": "item/kits_menu/titles/adventurer.png","ascent":7,"height":10,"chars":[""]},
		{"type": "bitmap","file": "item/kits_menu/titles/fighter.png","ascent":7,"height":10,"chars":[""]},
		{"type": "bitmap","file": "item/kits_menu/titles/worker.png","ascent":7,"height":10,"chars":[""]},
		{"type": "bitmap","file": "item/kits_menu/titles/vip.png","ascent":7,"height":10,"chars":[""]},
		{"type": "bitmap","file": "item/kits_menu/titles/mvp.png","ascent":7,"height":10,"chars":[""]},
		{"type": "bitmap","file": "item/kits_menu/titles/pro.png","ascent":7,"height":10,"chars":[""]},
		

		{"type": "bitmap","file": "item/others_menu/disposal.png","ascent":20,"height":256,"chars":[""]},
		{"type": "bitmap","file": "item/others_menu/claims.png","ascent":20,"height":256,"chars":[""]},
		{"type": "bitmap","file": "item/others_menu/claims2.png","ascent":20,"height":256,"chars":[""]},
		{"type": "bitmap","file": "item/others_menu/backpack1.png","ascent":20,"height":256,"chars":[""]},
		{"type": "bitmap","file": "item/others_menu/backpack2.png","ascent":20,"height":256,"chars":[""]},
		{"type": "bitmap","file": "item/others_menu/backpack3.png","ascent":20,"height":256,"chars":[""]},
		{"type": "bitmap","file": "item/others_menu/backpack4.png","ascent":20,"height":256,"chars":[""]},
		{"type": "bitmap","file": "item/others_menu/backpack5.png","ascent":20,"height":256,"chars":[""]},
		{"type": "bitmap","file": "item/others_menu/backpack6.png","ascent":20,"height":256,"chars":[""]},
		{"type": "bitmap","file": "item/others_menu/bookshelf.png","ascent":20,"height":256,"chars":[""]},
		{"type": "bitmap","file": "item/others_menu/trade.png","ascent":17,"height":256,"chars":[""]},
		{"type": "bitmap","file": "item/others_menu/enderchest.png","ascent":20,"height":256,"chars":[""]},
		{"type": "bitmap","file": "item/others_menu/barrel.png","ascent":21,"height":256,"chars":[""]},
		{"type": "bitmap","file": "item/others_menu/shulker.png","ascent":22,"height":256,"chars":[""]},
		{"type": "bitmap","file": "item/others_menu/inventory.png","ascent":17,"height":256,"chars":[""]},
		{"type": "bitmap","file": "item/others_menu/furniture.png","ascent":18,"height":256,"chars":[""]},
		{"type": "bitmap","file": "item/others_menu/furniture2.png","ascent":18,"height":256,"chars":[""]},
		{"type": "bitmap","file": "item/others_menu/chest_recipe.png","ascent":18,"height":256,"chars":[""]},
		{"type": "bitmap","file": "item/others_menu/enderchest2.png","ascent":18,"height":256,"chars":[""]},
		

		{"type": "bitmap","file": "item/profile_menu/profile.png","ascent":12,"height":256,"chars":[""]},
		{"type": "bitmap","file": "item/profile_menu/titles/combat.png","ascent":7,"height":10,"chars":[""]},
		{"type": "bitmap","file": "item/profile_menu/titles/game.png","ascent":7,"height":10,"chars":[""]},
		{"type": "bitmap","file": "item/profile_menu/titles/jobs.png","ascent":7,"height":10,"chars":[""]},
		{"type": "bitmap","file": "item/profile_menu/titles/others.png","ascent":7,"height":10,"chars":[""]},
		{"type": "bitmap","file": "item/profile_menu/titles/stats.png","ascent":7,"height":10,"chars":[""]},
		{"type": "bitmap","file": "item/profile_menu/titles/angelchests.png","ascent":7,"height":10,"chars":[""]},
		{"type": "bitmap","file": "item/profile_menu/titles/crates.png","ascent":7,"height":10,"chars":[""]},
		{"type": "bitmap","file": "item/profile_menu/titles/angelchest_player.png","ascent":7,"height":10,"chars":[""]},


		{"type": "bitmap","file": "item/rewards_menu/rewards.png","ascent":19,"height":256,"chars":[""]},
		{"type": "bitmap","file": "item/rewards_menu/rewards2.png","ascent":19,"height":256,"chars":[""]},
		
		
		{"type": "bitmap","file": "item/rtp_menu/rtp_menu.png","ascent":19,"height":256,"chars":[""]},
		

		{"type": "bitmap","file": "item/settings_menu/gui_settings.png","ascent":19,"height":256,"chars":[""]},
		{"type": "bitmap","file": "item/settings_menu/gui_settings2.png","ascent":19,"height":256,"chars":[""]},
		{"type": "bitmap","file": "item/settings_menu/ranks_settings.png","ascent":19,"height":256,"chars":[""]},
		{"type": "bitmap","file": "item/settings_menu/ranks_settings2.png","ascent":19,"height":256,"chars":[""]},
		{"type": "bitmap","file": "item/settings_menu/button_basic_gray.png","ascent":7,"height":13,"chars":[""]},
		{"type": "bitmap","file": "item/settings_menu/button_basic.png","ascent":7,"height":13,"chars":[""]},
		{"type": "bitmap","file": "item/settings_menu/button_premium_gray.png","ascent":7,"height":13,"chars":[""]},
		{"type": "bitmap","file": "item/settings_menu/button_premium.png","ascent":7,"height":13,"chars":[""]},
		{"type": "bitmap","file": "item/settings_menu/button_enabled.png","ascent":7,"height":13,"chars":[""]},
		{"type": "bitmap","file": "item/settings_menu/button_disabled.png","ascent":7,"height":13,"chars":[""]},


		{"type": "bitmap","file": "item/shop_menu/shop_sellall.png","ascent":19,"height":256,"chars":[""]},
		{"type": "bitmap","file": "item/shop_menu/titles/newitems.png","ascent":7,"height":10,"chars":[""]},
		{"type": "bitmap","file": "item/shop_menu/titles/backpacks.png","ascent":7,"height":10,"chars":[""]},
		{"type": "bitmap","file": "item/shop_menu/titles/commands.png","ascent":7,"height":10,"chars":[""]},
		{"type": "bitmap","file": "item/shop_menu/titles/cosmetics.png","ascent":7,"height":10,"chars":[""]},
		{"type": "bitmap","file": "item/shop_menu/titles/fancyblocks.png","ascent":7,"height":10,"chars":[""]},
		{"type": "bitmap","file": "item/shop_menu/titles/farms.png","ascent":7,"height":10,"chars":[""]},
		{"type": "bitmap","file": "item/shop_menu/titles/food.png","ascent":7,"height":10,"chars":[""]},
		{"type": "bitmap","file": "item/shop_menu/titles/furniture.png","ascent":7,"height":10,"chars":[""]},
		{"type": "bitmap","file": "item/shop_menu/titles/garden.png","ascent":7,"height":10,"chars":[""]},
		{"type": "bitmap","file": "item/shop_menu/titles/miscellaneous.png","ascent":7,"height":10,"chars":[""]},
		{"type": "bitmap","file": "item/shop_menu/titles/mobdrops.png","ascent":7,"height":10,"chars":[""]},
		{"type": "bitmap","file": "item/shop_menu/titles/ores.png","ascent":7,"height":10,"chars":[""]},
		{"type": "bitmap","file": "item/shop_menu/titles/peculiarblocks.png","ascent":7,"height":10,"chars":[""]},
		{"type": "bitmap","file": "item/shop_menu/titles/primaryblocks.png","ascent":7,"height":10,"chars":[""]},
		{"type": "bitmap","file": "item/shop_menu/titles/redstone.png","ascent":7,"height":10,"chars":[""]},
		{"type": "bitmap","file": "item/shop_menu/titles/spawners.png","ascent":7,"height":10,"chars":[""]},
		{"type": "bitmap","file": "item/shop_menu/titles/tools.png","ascent":7,"height":10,"chars":[""]},
		{"type": "bitmap","file": "item/shop_menu/titles/usefulblocks.png","ascent":7,"height":10,"chars":[""]},
		{"type": "bitmap","file": "item/shop_menu/titles/weapons.png","ascent":7,"height":10,"chars":[""]},
		{"type": "bitmap","file": "item/shop_menu/titles/wood.png","ascent":7,"height":10,"chars":[""]},
		{"type": "bitmap","file": "item/shop_menu/main_shop1.png","ascent":19,"height":256,"chars":[""]},
		{"type": "bitmap","file": "item/shop_menu/main_shop2.png","ascent":19,"height":256,"chars":[""]},
		{"type": "bitmap","file": "item/shop_menu/main_shop3.png","ascent":19,"height":256,"chars":[""]},
		{"type": "bitmap","file": "item/shop_menu/shop1.png","ascent":19,"height":256,"chars":[""]},
		{"type": "bitmap","file": "item/shop_menu/shop1_page2.png","ascent":19,"height":256,"chars":[""]},
		{"type": "bitmap","file": "item/shop_menu/shop1_page3.png","ascent":19,"height":256,"chars":[""]},
		{"type": "bitmap","file": "item/shop_menu/shop2.png","ascent":19,"height":256,"chars":[""]},
		{"type": "bitmap","file": "item/shop_menu/shop3.png","ascent":19,"height":256,"chars":[""]},
		{"type": "bitmap","file": "item/shop_menu/shop4.png","ascent":19,"height":256,"chars":[""]},
		{"type": "bitmap","file": "item/shop_menu/shop5.png","ascent":19,"height":256,"chars":[""]},
		{"type": "bitmap","file": "item/shop_menu/shop5_page2.png","ascent":19,"height":256,"chars":[""]},
		{"type": "bitmap","file": "item/shop_menu/shop6.png","ascent":19,"height":256,"chars":[""]},
		{"type": "bitmap","file": "item/shop_menu/shop6_page2.png","ascent":19,"height":256,"chars":[""]},
		{"type": "bitmap","file": "item/shop_menu/shop7.png","ascent":19,"height":256,"chars":[""]},
		{"type": "bitmap","file": "item/shop_menu/shop8.png","ascent":19,"height":256,"chars":[""]},
		{"type": "bitmap","file": "item/shop_menu/shop9.png","ascent":19,"height":256,"chars":[""]},
		{"type": "bitmap","file": "item/shop_menu/shop10.png","ascent":19,"height":256,"chars":[""]},
		{"type": "bitmap","file": "item/shop_menu/shop11.png","ascent":19,"height":256,"chars":[""]},
		{"type": "bitmap","file": "item/shop_menu/shop12.png","ascent":19,"height":256,"chars":[""]},
		{"type": "bitmap","file": "item/shop_menu/shop13.png","ascent":19,"height":256,"chars":[""]},
		{"type": "bitmap","file": "item/shop_menu/shop13_page2.png","ascent":19,"height":256,"chars":[""]},
		{"type": "bitmap","file": "item/shop_menu/shop14.png","ascent":19,"height":256,"chars":[""]},
		{"type": "bitmap","file": "item/shop_menu/shop14_page2.png","ascent":19,"height":256,"chars":[""]},
		{"type": "bitmap","file": "item/shop_menu/shop15.png","ascent":19,"height":256,"chars":[""]},
		{"type": "bitmap","file": "item/shop_menu/shop16.png","ascent":19,"height":256,"chars":[""]},
		{"type": "bitmap","file": "item/shop_menu/shop17.png","ascent":19,"height":256,"chars":[""]},
		{"type": "bitmap","file": "item/shop_menu/shop18.png","ascent":19,"height":256,"chars":[""]},
		{"type": "bitmap","file": "item/shop_menu/shop18_page2.png","ascent":19,"height":256,"chars":[""]},
		{"type": "bitmap","file": "item/shop_menu/shop19.png","ascent":19,"height":256,"chars":[""]},
		{"type": "bitmap","file": "item/shop_menu/shop19_page2.png","ascent":19,"height":256,"chars":[""]},
		{"type": "bitmap","file": "item/shop_menu/shop19_page3.png","ascent":19,"height":256,"chars":[""]},
		{"type": "bitmap","file": "item/shop_menu/shop19_page4.png","ascent":19,"height":256,"chars":[""]},
		{"type": "bitmap","file": "item/shop_menu/shop20.png","ascent":19,"height":256,"chars":[""]},


		{"type": "bitmap","file": "item/store_menu/main_store.png","ascent":19,"height":256,"chars":[""]},
		{"type": "bitmap","file": "item/store_menu/store1.png","ascent":19,"height":256,"chars":[""]},
		{"type": "bitmap","file": "item/store_menu/store2.png","ascent":19,"height":256,"chars":[""]},
		{"type": "bitmap","file": "item/store_menu/store3.png","ascent":19,"height":256,"chars":[""]},
		{"type": "bitmap","file": "item/store_menu/titles/ranks.png","ascent":7,"height":10,"chars":[""]},
		{"type": "bitmap","file": "item/store_menu/titles/kits.png","ascent":7,"height":10,"chars":[""]},
		{"type": "bitmap","file": "item/store_menu/titles/others.png","ascent":7,"height":10,"chars":[""]},
		{"type": "bitmap","file": "item/store_menu/ranks/vip.png","ascent":7,"height":10,"chars":[""]},
		{"type": "bitmap","file": "item/store_menu/ranks/mvp.png","ascent":7,"height":10,"chars":[""]},
		{"type": "bitmap","file": "item/store_menu/ranks/pro.png","ascent":7,"height":10,"chars":[""]},
		{"type": "bitmap","file": "item/store_menu/kits/editable.png","ascent":7,"height":10,"chars":[""]},
		{"type": "bitmap","file": "item/store_menu/kits/knight.png","ascent":7,"height":10,"chars":[""]},
		{"type": "bitmap","file": "item/store_menu/kits/dragon_slayer.png","ascent":7,"height":10,"chars":[""]},
		{"type": "bitmap","file": "item/store_menu/others/battlepass_title.png","ascent":7,"height":10,"chars":[""]},


		{"type": "bitmap","file": "item/survival_menu/gui_survival_menu.png","ascent":19,"height":256,"chars":[""]},
		{"type": "bitmap","file": "item/survival_menu/titles/survival_menu_title.png","ascent":7,"height":10,"chars":[""]},
		{"type": "bitmap","file": "item/survival_menu/titles/profile_title.png","ascent":7,"height":10,"chars":[""]},
		{"type": "bitmap","file": "item/survival_menu/titles/guide_title.png","ascent":7,"height":10,"chars":[""]},
		{"type": "bitmap","file": "item/survival_menu/titles/settings_title.png","ascent":7,"height":10,"chars":[""]},
		{"type": "bitmap","file": "item/survival_menu/titles/warps_title.png","ascent":7,"height":10,"chars":[""]},
		{"type": "bitmap","file": "item/survival_menu/titles/itemshop_title.png","ascent":7,"height":10,"chars":[""]},
		{"type": "bitmap","file": "item/survival_menu/titles/battlepass_title.png","ascent":7,"height":10,"chars":[""]},
		{"type": "bitmap","file": "item/survival_menu/titles/kits_title.png","ascent":7,"height":10,"chars":[""]},
		{"type": "bitmap","file": "item/survival_menu/titles/serverstore_title.png","ascent":7,"height":10,"chars":[""]},
		{"type": "bitmap","file": "item/survival_menu/titles/upgrades_title.png","ascent":7,"height":10,"chars":[""]},
		

		{"type":"bitmap","file":"item/therift_menu/therift.png","ascent":19,"height":256,"chars":[""]},
		{"type":"bitmap","file":"item/therift_menu/therift2.png","ascent":19,"height":256,"chars":[""]},
		{"type":"bitmap","file":"item/therift_menu/therift3.png","ascent":19,"height":256,"chars":[""]},
		{"type":"bitmap","file":"item/therift_menu/therift4.png","ascent":19,"height":256,"chars":[""]},
		

		{"type": "bitmap","file": "item/upgrades_menu/upgrades.png","ascent":19,"height":256,"chars":[""]},
		{"type": "bitmap","file": "item/upgrades_menu/titles/level1.png","ascent":7,"height":10,"chars":[""]},
		{"type": "bitmap","file": "item/upgrades_menu/titles/level2.png","ascent":7,"height":10,"chars":[""]},
		{"type": "bitmap","file": "item/upgrades_menu/titles/level3.png","ascent":7,"height":10,"chars":[""]},
		{"type": "bitmap","file": "item/upgrades_menu/titles/level4.png","ascent":7,"height":10,"chars":[""]},


		{"type": "bitmap","file": "item/warps_menu/warps.png","ascent":20,"height":256,"chars":[""]},
		{"type": "bitmap","file": "item/warps_menu/warps_dungeons.png","ascent":20,"height":256,"chars":[""]},
		{"type": "bitmap","file": "item/warps_menu/warps_mines.png","ascent":20,"height":256,"chars":[""]},
		{"type": "bitmap","file": "item/warps_menu/warps_farms.png","ascent":20,"height":256,"chars":[""]},
		{"type": "bitmap","file": "item/warps_menu/warps_arena.png","ascent":20,"height":256,"chars":[""]},
		{"type": "bitmap","file": "item/warps_menu/warps_auctions.png","ascent":20,"height":256,"chars":[""]},
		{"type": "bitmap","file": "item/warps_menu/warps_casino.png","ascent":20,"height":256,"chars":[""]},
		{"type": "bitmap","file": "item/warps_menu/warps_crates.png","ascent":20,"height":256,"chars":[""]},
		{"type": "bitmap","file": "item/warps_menu/titles/teleport.png","ascent":7,"height":10,"chars":[""]},
		{"type": "bitmap","file": "item/warps_menu/titles/dungeons.png","ascent":7,"height":10,"chars":[""]},
		{"type": "bitmap","file": "item/warps_menu/titles/mines.png","ascent":7,"height":10,"chars":[""]},
		{"type": "bitmap","file": "item/warps_menu/titles/farms.png","ascent":7,"height":10,"chars":[""]},
		{"type": "bitmap","file": "item/warps_menu/titles/arena.png","ascent":7,"height":10,"chars":[""]},
		{"type": "bitmap","file": "item/warps_menu/titles/auctions.png","ascent":7,"height":10,"chars":[""]},
		{"type": "bitmap","file": "item/warps_menu/titles/casino.png","ascent":7,"height":10,"chars":[""]},
		{"type": "bitmap","file": "item/warps_menu/titles/crates.png","ascent":7,"height":10,"chars":[""]},




















		
		{"type": "bitmap","file": "item/store_menu/kits/armor/chainmail_helmet.png","ascent":9,"height":13,"chars":[""]},
		{"type": "bitmap","file": "item/store_menu/kits/armor/chainmail_chestplate.png","ascent":9,"height":13,"chars":[""]},
		{"type": "bitmap","file": "item/store_menu/kits/armor/chainmail_leggings.png","ascent":9,"height":13,"chars":[""]},
		{"type": "bitmap","file": "item/store_menu/kits/armor/chainmail_boots.png","ascent":9,"height":13,"chars":[""]},
		{"type": "bitmap","file": "item/store_menu/kits/armor/golden_helmet.png","ascent":9,"height":13,"chars":[""]},
		{"type": "bitmap","file": "item/store_menu/kits/armor/golden_chestplate.png","ascent":9,"height":13,"chars":[""]},
		{"type": "bitmap","file": "item/store_menu/kits/armor/golden_leggings.png","ascent":9,"height":13,"chars":[""]},
		{"type": "bitmap","file": "item/store_menu/kits/armor/golden_boots.png","ascent":9,"height":13,"chars":[""]},
		{"type": "bitmap","file": "item/store_menu/kits/armor/iron_helmet.png","ascent":9,"height":13,"chars":[""]},
		{"type": "bitmap","file": "item/store_menu/kits/armor/iron_chestplate.png","ascent":9,"height":13,"chars":[""]},
		{"type": "bitmap","file": "item/store_menu/kits/armor/iron_leggings.png","ascent":9,"height":13,"chars":[""]},
		{"type": "bitmap","file": "item/store_menu/kits/armor/iron_boots.png","ascent":9,"height":13,"chars":[""]},
		{"type": "bitmap","file": "item/store_menu/kits/armor/diamond_helmet.png","ascent":9,"height":13,"chars":[""]},
		{"type": "bitmap","file": "item/store_menu/kits/armor/diamond_chestplate.png","ascent":9,"height":13,"chars":[""]},
		{"type": "bitmap","file": "item/store_menu/kits/armor/diamond_leggings.png","ascent":9,"height":13,"chars":[""]},
		{"type": "bitmap","file": "item/store_menu/kits/armor/diamond_boots.png","ascent":9,"height":13,"chars":[""]},
		{"type": "bitmap","file": "item/store_menu/kits/armor/netherite_helmet.png","ascent":9,"height":13,"chars":[""]},
		{"type": "bitmap","file": "item/store_menu/kits/armor/netherite_chestplate.png","ascent":9,"height":13,"chars":[""]},
		{"type": "bitmap","file": "item/store_menu/kits/armor/netherite_leggings.png","ascent":9,"height":13,"chars":[""]},
		{"type": "bitmap","file": "item/store_menu/kits/armor/netherite_boots.png","ascent":9,"height":13,"chars":[""]},

		{"type": "bitmap","file": "item/store_menu/kits/weapons/bow.png","ascent":9,"height":13,"chars":[""]},
		{"type": "bitmap","file": "item/store_menu/kits/weapons/crossbow.png","ascent":9,"height":13,"chars":[""]},
		{"type": "bitmap","file": "item/store_menu/kits/weapons/trident.png","ascent":9,"height":13,"chars":[""]},
		{"type": "bitmap","file": "item/store_menu/kits/weapons/wooden_sword.png","ascent":9,"height":13,"chars":[""]},
		{"type": "bitmap","file": "item/store_menu/kits/weapons/stone_sword.png","ascent":9,"height":13,"chars":[""]},
		{"type": "bitmap","file": "item/store_menu/kits/weapons/golden_sword.png","ascent":9,"height":13,"chars":[""]},
		{"type": "bitmap","file": "item/store_menu/kits/weapons/iron_sword.png","ascent":9,"height":13,"chars":[""]},
		{"type": "bitmap","file": "item/store_menu/kits/weapons/diamond_sword.png","ascent":9,"height":13,"chars":[""]},
		{"type": "bitmap","file": "item/store_menu/kits/weapons/netherite_sword.png","ascent":9,"height":13,"chars":[""]},

		{"type": "bitmap","file": "item/store_menu/kits/tools/wooden_pickaxe.png","ascent":9,"height":13,"chars":[""]},
		{"type": "bitmap","file": "item/store_menu/kits/tools/wooden_shovel.png","ascent":9,"height":13,"chars":[""]},
		{"type": "bitmap","file": "item/store_menu/kits/tools/wooden_axe.png","ascent":9,"height":13,"chars":[""]},
		{"type": "bitmap","file": "item/store_menu/kits/tools/golden_pickaxe.png","ascent":9,"height":13,"chars":[""]},
		{"type": "bitmap","file": "item/store_menu/kits/tools/golden_shovel.png","ascent":9,"height":13,"chars":[""]},
		{"type": "bitmap","file": "item/store_menu/kits/tools/golden_axe.png","ascent":9,"height":13,"chars":[""]},
		{"type": "bitmap","file": "item/store_menu/kits/tools/stone_pickaxe.png","ascent":9,"height":13,"chars":[""]},
		{"type": "bitmap","file": "item/store_menu/kits/tools/stone_shovel.png","ascent":9,"height":13,"chars":[""]},
		{"type": "bitmap","file": "item/store_menu/kits/tools/stone_axe.png","ascent":9,"height":13,"chars":[""]},
		{"type": "bitmap","file": "item/store_menu/kits/tools/iron_pickaxe.png","ascent":9,"height":13,"chars":[""]},
		{"type": "bitmap","file": "item/store_menu/kits/tools/iron_shovel.png","ascent":9,"height":13,"chars":[""]},
		{"type": "bitmap","file": "item/store_menu/kits/tools/iron_axe.png","ascent":9,"height":13,"chars":[""]},
		{"type": "bitmap","file": "item/store_menu/kits/tools/diamond_pickaxe.png","ascent":9,"height":13,"chars":[""]},
		{"type": "bitmap","file": "item/store_menu/kits/tools/diamond_shovel.png","ascent":9,"height":13,"chars":[""]},
		{"type": "bitmap","file": "item/store_menu/kits/tools/diamond_axe.png","ascent":9,"height":13,"chars":[""]},
		{"type": "bitmap","file": "item/store_menu/kits/tools/netherite_pickaxe.png","ascent":9,"height":13,"chars":[""]},
		{"type": "bitmap","file": "item/store_menu/kits/tools/netherite_shovel.png","ascent":9,"height":13,"chars":[""]},
		{"type": "bitmap","file": "item/store_menu/kits/tools/netherite_axe.png","ascent":9,"height":13,"chars":[""]}

    ]
}
